sss_name,sss_name,min_distance_class,min_distance,A3.1,A3.7,A4.1,A4.7,A5.1,A5.2,A5.4,most_frequent
104728_cam-np3-1-26,104728_cam-np3-1-26,A4.7,4.0930358310746735,0,0,0,22,0,0,0,A4.7
104728_cam-np3-1-34,104728_cam-np3-1-34,A4.1,1.0507168445264217,0,0,3,29,0,0,0,A4.7
104728_cam-np3-1-43,104728_cam-np3-1-43,A4.1,3.1166526294778363,0,0,2,0,0,0,0,A4.1
104728_cam-np3-1-44,104728_cam-np3-1-44,A4.1,2.910000449584964,0,0,2,0,0,0,0,A4.1
104728_cam-np3-2-3,104728_cam-np3-2-3,A4.1,0.9757806165942596,0,0,2,0,0,0,0,A4.1
104728_cam-np3-2-4,104728_cam-np3-2-4,A4.1,0.9757806165942596,0,0,2,0,0,0,0,A4.1
105317_cam-np3-1-14,105317_cam-np3-1-14,A4.7,4.730219490367952,0,0,0,5,0,0,0,A4.7
105317_cam-np3-1-16,105317_cam-np3-1-16,A4.7,4.894527622290188,0,0,0,5,0,0,0,A4.7
105317_cam-np3-1-17,105317_cam-np3-1-17,A4.7,1.630911601370411,0,0,0,35,0,0,0,A4.7
105317_cam-np3-1-35,105317_cam-np3-1-35,A4.1,2.3946911864572407,0,0,26,0,0,0,0,A4.1
105317_cam-np3-1-36,105317_cam-np3-1-36,A4.1,1.7268241799584758,0,0,26,0,0,0,0,A4.1
105317_cam-np3-1-6,105317_cam-np3-1-6,A4.7,4.943743759938776,0,0,0,5,0,0,0,A4.7
105317_cam-np3-10-11,105317_cam-np3-10-11,A4.1,4.478669876601678,0,0,1,0,0,0,0,A4.1
105317_cam-np3-10-19,105317_cam-np3-10-19,A4.1,2.830729576057529,0,0,39,0,0,0,0,A4.1
105317_cam-np3-10-20,105317_cam-np3-10-20,A4.1,2.9018678594965,0,0,39,0,0,0,0,A4.1
105317_cam-np3-10-28,105317_cam-np3-10-28,A4.1,4.500016436729163,0,0,3,0,0,0,0,A4.1
105317_cam-np3-10-35,105317_cam-np3-10-35,A4.1,2.11450695330418,0,0,8,0,0,0,0,A4.1
105317_cam-np3-10-36,105317_cam-np3-10-36,A4.1,2.3395978687956585,0,0,8,0,0,0,0,A4.1
105317_cam-np3-11-11,105317_cam-np3-11-11,A4.1,3.0474270447757137,0,0,21,0,0,0,0,A4.1
105317_cam-np3-11-12,105317_cam-np3-11-12,A4.1,3.774513634110968,0,0,21,0,0,0,0,A4.1
105317_cam-np3-11-19,105317_cam-np3-11-19,A4.1,1.9518836574646377,0,0,3,0,0,0,0,A4.1
105317_cam-np3-11-20,105317_cam-np3-11-20,A4.1,2.821859340649352,0,0,3,0,0,0,0,A4.1
105317_cam-np3-11-27,105317_cam-np3-11-27,A4.1,3.169762382680453,0,0,5,0,0,0,0,A4.1
105317_cam-np3-11-28,105317_cam-np3-11-28,A4.1,3.169252750577369,0,0,5,0,0,0,0,A4.1
105317_cam-np3-11-3,105317_cam-np3-11-3,A4.1,1.5906378223939828,0,0,21,0,0,0,0,A4.1
105317_cam-np3-11-35,105317_cam-np3-11-35,A4.1,1.646485714997853,0,0,5,0,0,0,0,A4.1
105317_cam-np3-11-36,105317_cam-np3-11-36,A4.1,2.1884898770237164,0,0,5,0,0,0,0,A4.1
105317_cam-np3-11-4,105317_cam-np3-11-4,A4.1,1.5906378223939828,0,0,21,0,0,0,0,A4.1
105317_cam-np3-11-43,105317_cam-np3-11-43,A4.1,3.3362476583754903,0,0,21,0,0,0,0,A4.1
105317_cam-np3-11-44,105317_cam-np3-11-44,A4.1,3.775476065978335,0,0,26,0,0,0,0,A4.1
105317_cam-np3-12-11,105317_cam-np3-12-11,A4.1,4.108170763352868,0,0,12,0,0,0,0,A4.1
105317_cam-np3-12-12,105317_cam-np3-12-12,A4.1,3.0003763073455145,0,0,12,0,0,0,0,A4.1
105317_cam-np3-12-19,105317_cam-np3-12-19,A4.1,2.714925083800035,0,0,29,0,0,0,0,A4.1
105317_cam-np3-12-20,105317_cam-np3-12-20,A4.1,2.98317573475801,0,0,28,0,0,0,0,A4.1
105317_cam-np3-12-27,105317_cam-np3-12-27,A4.1,2.4417121998551874,0,0,26,0,0,0,0,A4.1
105317_cam-np3-12-28,105317_cam-np3-12-28,A4.1,2.433089014077781,0,0,26,0,0,0,0,A4.1
105317_cam-np3-12-3,105317_cam-np3-12-3,A4.1,1.9624125441865317,0,0,13,0,0,0,0,A4.1
105317_cam-np3-12-4,105317_cam-np3-12-4,A4.1,3.2668645660248217,0,0,13,0,0,0,0,A4.1
105317_cam-np3-12-43,105317_cam-np3-12-43,A4.1,2.966672495409993,0,0,8,0,0,0,0,A4.1
105317_cam-np3-12-44,105317_cam-np3-12-44,A4.1,3.4149912088572982,0,0,13,0,0,0,0,A4.1
105317_cam-np3-13-19,105317_cam-np3-13-19,A4.1,4.244625730878636,0,0,8,0,0,0,0,A4.1
105317_cam-np3-13-20,105317_cam-np3-13-20,A4.1,4.405896117215173,0,0,2,0,0,0,0,A4.1
105317_cam-np3-13-27,105317_cam-np3-13-27,A4.1,3.071201643234968,0,0,15,0,0,0,0,A4.1
105317_cam-np3-13-28,105317_cam-np3-13-28,A4.1,1.5257820137087654,0,0,15,0,0,0,0,A4.1
105317_cam-np3-2-12,105317_cam-np3-2-12,A4.1,1.1497549044999098,0,0,26,0,0,0,0,A4.1
105317_cam-np3-2-19,105317_cam-np3-2-19,A4.1,3.1422368455926515,0,0,3,29,0,0,0,A4.7
105317_cam-np3-2-20,105317_cam-np3-2-20,A4.1,2.798141322315407,0,0,3,29,0,0,0,A4.7
105317_cam-np3-2-22,105317_cam-np3-2-22,A4.7,4.048797095434507,0,0,0,57,0,0,0,A4.7
105317_cam-np3-2-27,105317_cam-np3-2-27,A4.1,0.6338801232323281,0,0,3,29,0,0,0,A4.7
105317_cam-np3-2-28,105317_cam-np3-2-28,A4.1,0.6338801232323281,0,0,3,29,0,0,0,A4.7
105317_cam-np3-2-3,105317_cam-np3-2-3,A4.7,2.348382809051066,0,0,0,57,0,0,0,A4.7
105317_cam-np3-2-30,105317_cam-np3-2-30,A4.1,4.3894272872789495,0,0,1,0,0,0,0,A4.1
105317_cam-np3-2-31,105317_cam-np3-2-31,A4.1,1.1304078264178277,0,0,26,0,0,0,0,A4.1
105317_cam-np3-2-4,105317_cam-np3-2-4,A4.7,1.6786893928108988,0,0,0,57,0,0,0,A4.7
105317_cam-np3-2-43,105317_cam-np3-2-43,A4.7,3.8985814237651684,0,0,0,50,0,0,0,A4.7
105317_cam-np3-2-44,105317_cam-np3-2-44,A4.7,4.017633786962715,0,0,0,5,0,0,0,A4.7
105317_cam-np3-3-11,105317_cam-np3-3-11,A4.1,4.251968520366144,0,0,4,0,0,0,0,A4.1
105317_cam-np3-3-19,105317_cam-np3-3-19,A4.1,3.8864480707454514,0,0,15,0,0,0,0,A4.1
105317_cam-np3-3-20,105317_cam-np3-3-20,A4.1,3.8864480707454514,0,0,15,0,0,0,0,A4.1
105317_cam-np3-3-27,105317_cam-np3-3-27,A4.7,3.296506192704256,0,0,0,12,0,0,0,A4.7
105317_cam-np3-3-28,105317_cam-np3-3-28,A4.7,3.3807149331651383,0,0,0,12,0,0,0,A4.7
105317_cam-np3-3-3,105317_cam-np3-3-3,A4.1,2.6628809170972536,0,0,15,1,0,0,0,A4.1
105317_cam-np3-3-35,105317_cam-np3-3-35,A4.7,4.664161430898417,0,0,0,5,0,0,0,A4.7
105317_cam-np3-3-36,105317_cam-np3-3-36,A4.7,4.210566850022056,0,0,0,5,0,0,0,A4.7
105317_cam-np3-3-4,105317_cam-np3-3-4,A4.1,3.202890494765705,0,0,15,1,0,0,0,A4.1
105317_cam-np3-3-43,105317_cam-np3-3-43,A4.7,1.9760639498154589,0,0,0,37,0,0,0,A4.7
105317_cam-np3-3-44,105317_cam-np3-3-44,A4.7,2.31461644256018,0,0,0,37,0,0,0,A4.7
105317_cam-np3-4-11,105317_cam-np3-4-11,A4.1,2.4969244229454506,0,0,17,0,0,0,0,A4.1
105317_cam-np3-4-12,105317_cam-np3-4-12,A4.1,3.652934012935762,0,0,14,0,0,0,0,A4.1
105317_cam-np3-4-27,105317_cam-np3-4-27,A4.1,3.661636533229248,0,0,3,0,0,0,0,A4.1
105317_cam-np3-4-28,105317_cam-np3-4-28,A4.1,4.528505903069681,0,0,3,0,0,0,0,A4.1
105317_cam-np3-4-3,105317_cam-np3-4-3,A4.1,3.3593048781798465,0,0,8,1,0,0,0,A4.1
105317_cam-np3-4-4,105317_cam-np3-4-4,A4.1,3.800896601469182,0,0,4,0,0,0,0,A4.1
105317_cam-np3-5-11,105317_cam-np3-5-11,A4.1,3.173093045626324,0,0,80,0,0,0,0,A4.1
105317_cam-np3-5-12,105317_cam-np3-5-12,A4.1,3.303757167425379,0,0,80,0,0,0,0,A4.1
105317_cam-np3-5-3,105317_cam-np3-5-3,A4.1,2.680765471185516,0,0,7,20,0,0,0,A4.7
105317_cam-np3-5-35,105317_cam-np3-5-35,A4.1,3.9259921900648536,0,0,27,0,0,0,0,A4.1
105317_cam-np3-5-36,105317_cam-np3-5-36,A4.1,4.044020563569896,0,0,27,0,0,0,0,A4.1
105317_cam-np3-5-4,105317_cam-np3-5-4,A4.1,2.2216837569405317,0,0,7,20,0,0,0,A4.7
105317_cam-np3-5-43,105317_cam-np3-5-43,A4.1,1.5362574236206237,0,0,27,0,0,0,0,A4.1
105317_cam-np3-5-44,105317_cam-np3-5-44,A4.1,2.652812051585756,0,0,27,0,0,0,0,A4.1
105317_cam-np3-6-11,105317_cam-np3-6-11,A4.1,2.5351483423541583,0,0,35,0,0,0,0,A4.1
105317_cam-np3-6-12,105317_cam-np3-6-12,A4.1,2.6963504091767843,0,0,35,0,0,0,0,A4.1
105317_cam-np3-6-19,105317_cam-np3-6-19,A4.1,3.1100214486911266,0,0,80,0,0,0,0,A4.1
105317_cam-np3-6-20,105317_cam-np3-6-20,A4.1,2.348971634028141,0,0,80,0,0,0,0,A4.1
105317_cam-np3-6-3,105317_cam-np3-6-3,A4.1,3.4536220500042276,0,0,71,0,0,0,0,A4.1
105317_cam-np3-6-4,105317_cam-np3-6-4,A4.1,2.9603982985742565,0,0,71,0,0,0,0,A4.1
105317_cam-np3-7-11,105317_cam-np3-7-11,A4.1,2.805076106993984,0,0,30,0,0,0,0,A4.1
105317_cam-np3-7-12,105317_cam-np3-7-12,A4.1,2.471952176177561,0,0,35,0,0,0,0,A4.1
105317_cam-np3-7-19,105317_cam-np3-7-19,A4.1,2.8861779840756183,0,0,68,0,0,0,0,A4.1
105317_cam-np3-7-20,105317_cam-np3-7-20,A4.1,2.8861779840756183,0,0,68,0,0,0,0,A4.1
105317_cam-np3-7-27,105317_cam-np3-7-27,A4.1,2.3255416066504915,0,0,33,0,0,0,0,A4.1
105317_cam-np3-7-28,105317_cam-np3-7-28,A4.1,1.7383888185150824,0,0,33,0,0,0,0,A4.1
105317_cam-np3-7-43,105317_cam-np3-7-43,A4.1,3.3634829013875462,0,0,1,0,0,0,0,A4.1
105317_cam-np3-7-44,105317_cam-np3-7-44,A4.1,2.2836748826542648,0,0,1,0,0,0,0,A4.1
105317_cam-np3-8-11,105317_cam-np3-8-11,A4.1,2.597519205667461,0,0,77,12,0,0,0,A4.1
105317_cam-np3-8-12,105317_cam-np3-8-12,A4.1,1.1859139589218617,0,0,77,12,0,0,0,A4.1
105317_cam-np3-8-19,105317_cam-np3-8-19,A4.1,2.9935302018756715,0,0,35,0,0,7,0,A4.1
105317_cam-np3-8-20,105317_cam-np3-8-20,A4.1,2.522890306594731,0,0,35,0,0,7,0,A4.1
105317_cam-np3-8-27,105317_cam-np3-8-27,A4.1,2.8407092557304474,0,0,5,0,0,11,0,A5.2
105317_cam-np3-8-28,105317_cam-np3-8-28,A4.1,2.516163991787401,0,0,5,0,0,11,0,A5.2
105317_cam-np3-8-3,105317_cam-np3-8-3,A4.1,3.3310457405844547,0,0,77,12,0,0,0,A4.1
105317_cam-np3-8-35,105317_cam-np3-8-35,A4.7,3.1020766044440866,0,0,0,9,0,11,0,A5.2
105317_cam-np3-8-36,105317_cam-np3-8-36,A4.7,3.1020766044440866,0,0,0,9,0,11,0,A5.2
105317_cam-np3-8-4,105317_cam-np3-8-4,A4.1,3.4061003602851216,0,0,77,12,0,0,0,A4.1
105317_cam-np3-8-43,105317_cam-np3-8-43,A4.1,1.5413478972900814,0,0,5,0,0,11,0,A5.2
105317_cam-np3-8-44,105317_cam-np3-8-44,A4.1,1.5413478972900814,0,0,5,0,0,11,0,A5.2
105317_cam-np3-9-11,105317_cam-np3-9-11,A4.1,4.710570996972471,0,0,3,0,0,0,0,A4.1
105317_cam-np3-9-19,105317_cam-np3-9-19,A4.1,3.3264356765582024,0,0,35,0,0,0,0,A4.1
105317_cam-np3-9-20,105317_cam-np3-9-20,A4.1,3.2513180641759996,0,0,35,0,0,0,0,A4.1
105317_cam-np3-9-27,105317_cam-np3-9-27,A4.1,3.1229168586365383,0,0,33,0,0,0,0,A4.1
105317_cam-np3-9-28,105317_cam-np3-9-28,A4.1,1.4584798087050328,0,0,35,0,0,0,0,A4.1
105317_cam-np3-9-3,105317_cam-np3-9-3,A4.1,3.049277331162125,0,0,50,0,0,0,0,A4.1
105317_cam-np3-9-4,105317_cam-np3-9-4,A4.1,2.8297376068035223,0,0,50,0,0,0,0,A4.1
112045_mb_survey-12-29,112045_mb_survey-12-29,A3.7,1.489090003695876,0,14,0,0,0,0,0,A3.7
112045_mb_survey-12-30,112045_mb_survey-12-30,A3.1,4.474526328418906,2,0,0,0,0,0,0,A3.1
112045_mb_survey-12-34,112045_mb_survey-12-34,A3.1,1.5113269642404832,6,0,0,0,0,0,0,A3.1
112045_mb_survey-13-14,112045_mb_survey-13-14,A3.1,3.0468307735111027,4,0,0,0,0,0,0,A3.1
112045_mb_survey-13-15,112045_mb_survey-13-15,A3.7,1.4977627870270849,0,5,0,0,0,0,0,A3.7
112045_mb_survey-14-0,112045_mb_survey-14-0,A4.1,4.37333159744348,0,0,2,0,0,0,0,A4.1
112045_mb_survey-14-32,112045_mb_survey-14-32,A4.1,0.9548351367430236,0,0,15,0,0,1,0,A4.1
112045_mb_survey-14-43,112045_mb_survey-14-43,A3.1,4.725253972396887,1,0,0,0,0,0,0,A3.1
112045_mb_survey-14-44,112045_mb_survey-14-44,A3.1,4.725253972396887,1,0,0,0,0,0,0,A3.1
112045_mb_survey-17-29,112045_mb_survey-17-29,A4.1,1.0735387014436089,0,0,23,0,0,0,0,A4.1
112045_mb_survey-17-32,112045_mb_survey-17-32,A4.1,4.922659965423928,0,0,16,0,0,0,0,A4.1
112045_mb_survey-17-33,112045_mb_survey-17-33,A4.1,3.2951967520037013,0,0,4,0,0,0,0,A4.1
112045_mb_survey-17-6,112045_mb_survey-17-6,A5.1,3.045281396345024,0,0,0,0,20,0,0,A5.1
112045_mb_survey-18-15,112045_mb_survey-18-15,A4.1,0.8531256501434007,0,0,28,0,0,0,0,A4.1
112045_mb_survey-19-19,112045_mb_survey-19-19,A4.1,4.17850135942224,0,0,1,0,0,0,0,A4.1
112045_mb_survey-19-2,112045_mb_survey-19-2,A3.1,3.927367433946384,6,0,0,0,0,0,0,A3.1
112045_mb_survey-19-20,112045_mb_survey-19-20,A4.1,4.17850135942224,0,0,1,0,0,0,0,A4.1
112045_mb_survey-2-37,112045_mb_survey-2-37,A4.1,2.3818598239367845,0,0,7,20,0,0,0,A4.7
112045_mb_survey-22-7,112045_mb_survey-22-7,A3.1,1.8992027347320328,6,0,0,0,0,0,0,A3.1
112045_mb_survey-23-32,112045_mb_survey-23-32,A5.1,1.3950927958255048,0,0,0,0,6,0,0,A5.1
112045_mb_survey-23-33,112045_mb_survey-23-33,A5.1,2.6666801037914767,0,0,0,0,5,0,0,A5.1
112045_mb_survey-24-33,112045_mb_survey-24-33,A4.1,2.23598745759727,0,0,7,0,4,0,0,A4.1
112045_mb_survey-24-43,112045_mb_survey-24-43,A5.1,4.606909144075488,0,0,0,0,13,0,0,A5.1
112045_mb_survey-24-44,112045_mb_survey-24-44,A5.1,4.606909144075488,0,0,0,0,13,0,0,A5.1
112045_mb_survey-25-21,112045_mb_survey-25-21,A4.1,3.9120576854385134,0,0,16,0,0,0,0,A4.1
112045_mb_survey-25-22,112045_mb_survey-25-22,A4.1,1.9396464687280568,0,0,5,0,0,0,0,A4.1
112045_mb_survey-28-34,112045_mb_survey-28-34,A4.1,0.9707283814254716,0,0,38,0,0,0,0,A4.1
112045_mb_survey-3-15,112045_mb_survey-3-15,A4.1,4.954754161959545,0,0,7,0,0,0,0,A4.1
112045_mb_survey-4-10,112045_mb_survey-4-10,A4.1,3.7335551218306993,0,0,5,0,0,0,0,A4.1
112045_mb_survey-4-11,112045_mb_survey-4-11,A4.1,2.491939918371972,0,0,1,0,0,0,0,A4.1
112045_mb_survey-4-12,112045_mb_survey-4-12,A4.1,2.491939918371972,0,0,1,0,0,0,0,A4.1
112045_mb_survey-4-13,112045_mb_survey-4-13,A4.1,4.855973770129181,0,0,1,0,0,0,0,A4.1
112045_mb_survey-4-16,112045_mb_survey-4-16,A4.1,1.4122072888172217,0,0,18,0,0,0,0,A4.1
112045_mb_survey-4-17,112045_mb_survey-4-17,A4.1,3.7139820479876784,0,0,10,0,0,0,0,A4.1
112045_mb_survey-4-18,112045_mb_survey-4-18,A4.1,2.5011770474965536,0,0,3,0,0,0,0,A4.1
112045_mb_survey-4-21,112045_mb_survey-4-21,A4.1,0.403536734581479,0,0,10,0,0,0,0,A4.1
112045_mb_survey-4-24,112045_mb_survey-4-24,A4.1,4.819279266645252,0,0,16,0,0,0,0,A4.1
112045_mb_survey-7-23,112045_mb_survey-7-23,A3.1,3.362375222122105,24,0,0,0,0,0,0,A3.1
112045_mb_survey-9-0,112045_mb_survey-9-0,A3.1,4.406589544023457,4,3,0,0,0,0,0,A3.1
112045_mb_survey-9-37,112045_mb_survey-9-37,A3.7,2.411801692080855,0,18,0,0,0,0,0,A3.7
113610_cam_survey_1-2-35,113610_cam_survey_1-2-35,A3.1,3.197757051432036,24,0,0,0,0,0,0,A3.1
113610_cam_survey_1-2-36,113610_cam_survey_1-2-36,A3.1,3.3801272282159163,24,0,0,0,0,0,0,A3.1
113610_cam_survey_1-2-43,113610_cam_survey_1-2-43,A3.1,1.4216399302926734,24,0,0,0,0,0,0,A3.1
113610_cam_survey_1-2-44,113610_cam_survey_1-2-44,A3.1,0.7873930313640431,24,0,0,0,0,0,0,A3.1
113610_cam_survey_1-3-11,113610_cam_survey_1-3-11,A3.1,0.6479162742972817,19,0,0,0,0,0,0,A3.1
113610_cam_survey_1-3-12,113610_cam_survey_1-3-12,A3.1,0.6479162742972817,19,0,0,0,0,0,0,A3.1
113610_cam_survey_1-3-19,113610_cam_survey_1-3-19,A3.1,2.8723489344201862,6,0,0,0,0,0,0,A3.1
113610_cam_survey_1-3-20,113610_cam_survey_1-3-20,A3.1,2.523097165628232,6,0,0,0,0,0,0,A3.1
113610_cam_survey_1-3-3,113610_cam_survey_1-3-3,A3.1,3.548549738610144,2,0,0,0,0,0,0,A3.1
113610_cam_survey_1-3-35,113610_cam_survey_1-3-35,A3.1,2.2253793236002952,34,0,0,0,0,0,0,A3.1
113610_cam_survey_1-3-36,113610_cam_survey_1-3-36,A3.1,3.8060437739114885,8,0,0,0,0,0,0,A3.1
113610_cam_survey_1-3-4,113610_cam_survey_1-3-4,A3.1,3.3662091447332965,2,0,0,0,0,0,0,A3.1
113610_cam_survey_1-3-43,113610_cam_survey_1-3-43,A3.1,2.1629539336401606,34,0,0,0,0,0,0,A3.1
113610_cam_survey_1-3-44,113610_cam_survey_1-3-44,A3.1,0.8464240394659535,34,0,0,0,0,0,0,A3.1
124011_mb_survey2-13-23,124011_mb_survey2-13-23,A3.1,0.1007717527386482,16,0,0,0,0,0,0,A3.1
124011_mb_survey2-14-26,124011_mb_survey2-14-26,A3.1,4.604715876309073,2,0,0,0,0,0,0,A3.1
124011_mb_survey2-14-39,124011_mb_survey2-14-39,A5.1,4.628385099829363,0,0,0,0,1,0,0,A5.1
124011_mb_survey2-14-8,124011_mb_survey2-14-8,A4.1,2.304825388816825,0,0,4,0,8,0,0,A5.1
124011_mb_survey2-21-11,124011_mb_survey2-21-11,A3.1,3.941227810766746,1,0,0,0,0,0,0,A3.1
124011_mb_survey2-21-12,124011_mb_survey2-21-12,A3.1,3.941227810766746,1,0,0,0,0,0,0,A3.1
124011_mb_survey2-21-14,124011_mb_survey2-21-14,A3.1,4.258684473394589,1,0,0,0,0,0,0,A3.1
124011_mb_survey2-21-17,124011_mb_survey2-21-17,A3.1,0.2821314627143497,14,0,0,0,0,0,0,A3.1
124011_mb_survey2-21-18,124011_mb_survey2-21-18,A3.1,3.1629003766152826,1,0,0,0,0,0,0,A3.1
124011_mb_survey2-21-19,124011_mb_survey2-21-19,A3.1,2.5206083814135463,2,0,0,0,0,0,0,A3.1
124011_mb_survey2-21-20,124011_mb_survey2-21-20,A3.1,2.5206083814135463,2,0,0,0,0,0,0,A3.1
124011_mb_survey2-21-43,124011_mb_survey2-21-43,A3.1,3.768598171352956,6,0,0,0,0,0,0,A3.1
124011_mb_survey2-21-44,124011_mb_survey2-21-44,A3.1,3.768598171352956,6,0,0,0,0,0,0,A3.1
124011_mb_survey2-4-31,124011_mb_survey2-4-31,A4.1,3.5117559448256164,0,0,4,0,0,0,0,A4.1
124011_mb_survey2-6-17,124011_mb_survey2-6-17,A4.1,4.195173680450002,0,0,9,0,0,0,0,A4.1
124011_mb_survey2-7-21,124011_mb_survey2-7-21,A3.1,2.6107279146111906,9,0,0,0,0,0,0,A3.1
124011_mb_survey2-7-9,124011_mb_survey2-7-9,A4.1,3.2971651187571065,0,0,7,0,4,0,0,A4.1
124011_mb_survey2-9-37,124011_mb_survey2-9-37,A3.1,3.6441990149568535,1,0,0,0,0,0,0,A3.1
124011_mb_survey2-9-38,124011_mb_survey2-9-38,A3.1,4.992163523475694,6,0,0,0,0,0,0,A3.1
124011_mb_survey2-9-42,124011_mb_survey2-9-42,A5.1,3.1964352520387362,0,0,0,0,31,0,0,A5.1
125355_forcadinho-np3-10-11,125355_forcadinho-np3-10-11,A3.1,3.3313977145067186,14,0,2,0,0,0,0,A3.1
125355_forcadinho-np3-10-12,125355_forcadinho-np3-10-12,A3.1,1.7314859038645858,18,0,4,0,0,0,0,A3.1
125355_forcadinho-np3-10-27,125355_forcadinho-np3-10-27,A3.1,2.769126806749561,24,0,0,0,0,0,0,A3.1
125355_forcadinho-np3-10-28,125355_forcadinho-np3-10-28,A3.1,3.049004709131641,24,0,0,0,0,0,0,A3.1
125355_forcadinho-np3-10-3,125355_forcadinho-np3-10-3,A5.2,1.3645797752627125,0,0,0,0,0,4,0,A5.2
125355_forcadinho-np3-10-4,125355_forcadinho-np3-10-4,A5.2,1.3645797752627125,0,0,0,0,0,4,0,A5.2
125355_forcadinho-np3-10-43,125355_forcadinho-np3-10-43,A5.2,3.4934114761719846,0,0,0,0,0,3,0,A5.2
125355_forcadinho-np3-10-44,125355_forcadinho-np3-10-44,A5.2,2.9903347043305804,0,0,0,0,0,3,0,A5.2
125355_forcadinho-np3-11-11,125355_forcadinho-np3-11-11,A4.1,2.7324754680811267,0,0,15,0,0,1,0,A4.1
125355_forcadinho-np3-11-12,125355_forcadinho-np3-11-12,A4.1,3.5741807980606133,0,0,15,0,0,1,0,A4.1
125355_forcadinho-np3-11-27,125355_forcadinho-np3-11-27,A5.1,1.4527239593579555,0,0,0,0,20,0,0,A5.1
125355_forcadinho-np3-11-28,125355_forcadinho-np3-11-28,A5.1,2.312403801009414,0,0,0,0,20,0,0,A5.1
125355_forcadinho-np3-11-3,125355_forcadinho-np3-11-3,A4.1,3.2955457937243984,0,0,22,0,0,0,0,A4.1
125355_forcadinho-np3-11-35,125355_forcadinho-np3-11-35,A5.1,3.722463746073709,0,0,0,0,28,0,0,A5.1
125355_forcadinho-np3-11-36,125355_forcadinho-np3-11-36,A5.1,2.8086795003217246,0,0,0,0,28,0,0,A5.1
125355_forcadinho-np3-11-4,125355_forcadinho-np3-11-4,A4.1,3.1863410866168715,0,0,29,0,0,0,0,A4.1
125355_forcadinho-np3-11-43,125355_forcadinho-np3-11-43,A5.1,0.5357145093946983,0,0,0,0,28,0,0,A5.1
125355_forcadinho-np3-11-44,125355_forcadinho-np3-11-44,A5.1,0.5357145093946983,0,0,0,0,28,0,0,A5.1
125355_forcadinho-np3-12-11,125355_forcadinho-np3-12-11,A4.1,3.0954223339025755,0,0,16,0,0,0,0,A4.1
125355_forcadinho-np3-12-12,125355_forcadinho-np3-12-12,A4.1,3.2893760224248116,0,0,16,0,0,0,0,A4.1
125355_forcadinho-np3-12-19,125355_forcadinho-np3-12-19,A4.1,1.5631360810894268,0,0,16,0,0,0,0,A4.1
125355_forcadinho-np3-12-20,125355_forcadinho-np3-12-20,A4.1,1.6523398304140444,0,0,16,0,0,0,0,A4.1
125355_forcadinho-np3-12-27,125355_forcadinho-np3-12-27,A4.1,3.4850022472925093,0,0,7,0,4,0,0,A4.1
125355_forcadinho-np3-12-28,125355_forcadinho-np3-12-28,A4.1,3.0692509552370955,0,0,7,0,4,0,0,A4.1
125355_forcadinho-np3-13-11,125355_forcadinho-np3-13-11,A3.1,2.883016123451985,9,0,0,0,0,0,0,A3.1
125355_forcadinho-np3-13-12,125355_forcadinho-np3-13-12,A3.1,2.0620272695095685,9,0,0,0,0,0,0,A3.1
125355_forcadinho-np3-2-11,125355_forcadinho-np3-2-11,A4.1,4.443968215855581,0,0,1,0,0,0,0,A4.1
125355_forcadinho-np3-2-12,125355_forcadinho-np3-2-12,A4.1,4.884479228434471,0,0,1,0,0,0,0,A4.1
125355_forcadinho-np3-2-19,125355_forcadinho-np3-2-19,A4.1,1.7763361989138304,0,0,7,0,0,0,0,A4.1
125355_forcadinho-np3-2-20,125355_forcadinho-np3-2-20,A4.1,0.8938556986414363,0,0,7,0,0,0,0,A4.1
125355_forcadinho-np3-2-3,125355_forcadinho-np3-2-3,A4.1,3.509281405854156,0,0,23,0,0,0,0,A4.1
125355_forcadinho-np3-2-4,125355_forcadinho-np3-2-4,A4.1,2.9257969041191045,0,0,23,0,0,0,0,A4.1
125355_forcadinho-np3-2-43,125355_forcadinho-np3-2-43,A4.1,1.5272509096593139,0,0,14,0,0,0,0,A4.1
125355_forcadinho-np3-2-44,125355_forcadinho-np3-2-44,A4.1,2.3142174936545965,0,0,14,0,0,0,0,A4.1
125355_forcadinho-np3-3-0,125355_forcadinho-np3-3-0,A4.1,3.618245898944178,0,0,3,0,0,0,0,A4.1
125355_forcadinho-np3-3-1,125355_forcadinho-np3-3-1,A4.1,4.994374806594334,0,0,1,0,0,0,0,A4.1
125355_forcadinho-np3-3-11,125355_forcadinho-np3-3-11,A4.1,2.6955643079398723,0,0,23,0,0,0,0,A4.1
125355_forcadinho-np3-3-12,125355_forcadinho-np3-3-12,A4.1,1.331905788332972,0,0,23,0,0,0,0,A4.1
125355_forcadinho-np3-3-19,125355_forcadinho-np3-3-19,A4.1,2.120152197517684,0,0,12,0,2,0,0,A4.1
125355_forcadinho-np3-3-20,125355_forcadinho-np3-3-20,A4.1,2.902494649493228,0,0,7,0,2,0,0,A4.1
125355_forcadinho-np3-3-27,125355_forcadinho-np3-3-27,A4.1,1.0233677958591754,0,0,12,0,2,0,0,A4.1
125355_forcadinho-np3-3-28,125355_forcadinho-np3-3-28,A4.1,1.0233677958591754,0,0,12,0,2,0,0,A4.1
125355_forcadinho-np3-3-3,125355_forcadinho-np3-3-3,A4.1,0.1240427415007148,0,0,10,0,0,0,0,A4.1
125355_forcadinho-np3-3-32,125355_forcadinho-np3-3-32,A4.1,3.8725534107427166,0,0,7,0,0,0,0,A4.1
125355_forcadinho-np3-3-35,125355_forcadinho-np3-3-35,A4.1,0.42636490751201506,0,0,1,0,0,0,0,A4.1
125355_forcadinho-np3-3-4,125355_forcadinho-np3-3-4,A4.1,4.019280918622329,0,0,10,0,0,0,0,A4.1
125355_forcadinho-np3-3-41,125355_forcadinho-np3-3-41,A4.1,0.7314598195223446,0,0,3,0,0,0,0,A4.1
125355_forcadinho-np3-4-12,125355_forcadinho-np3-4-12,A4.1,4.588905151065164,0,0,7,0,0,0,0,A4.1
125355_forcadinho-np3-4-19,125355_forcadinho-np3-4-19,A4.1,4.677116402944408,0,0,7,0,0,0,0,A4.1
125355_forcadinho-np3-4-20,125355_forcadinho-np3-4-20,A4.1,4.677116402944408,0,0,7,0,0,0,0,A4.1
125355_forcadinho-np3-4-27,125355_forcadinho-np3-4-27,A4.1,3.1997895995019308,0,0,20,0,0,0,0,A4.1
125355_forcadinho-np3-4-28,125355_forcadinho-np3-4-28,A4.1,3.104583825870205,0,0,20,0,0,0,0,A4.1
125355_forcadinho-np3-4-35,125355_forcadinho-np3-4-35,A4.1,1.283428640017257,0,0,20,0,0,0,0,A4.1
125355_forcadinho-np3-4-36,125355_forcadinho-np3-4-36,A4.1,1.5940628375938657,0,0,20,0,0,0,0,A4.1
125355_forcadinho-np3-4-46,125355_forcadinho-np3-4-46,A4.1,3.0495269805123804,0,0,20,0,0,0,0,A4.1
125355_forcadinho-np3-4-6,125355_forcadinho-np3-4-6,A4.1,1.4867202822666965,0,0,20,0,0,0,0,A4.1
125355_forcadinho-np3-5-1,125355_forcadinho-np3-5-1,A4.1,3.1998252139171197,0,0,17,0,0,0,0,A4.1
125355_forcadinho-np3-5-16,125355_forcadinho-np3-5-16,A4.1,1.2748789276795327,0,0,17,0,0,0,0,A4.1
125355_forcadinho-np3-5-23,125355_forcadinho-np3-5-23,A4.1,4.68010498170664,0,0,1,0,0,0,0,A4.1
125355_forcadinho-np3-6-10,125355_forcadinho-np3-6-10,A4.1,3.221339088788995,0,0,17,0,0,0,0,A4.1
125355_forcadinho-np3-6-11,125355_forcadinho-np3-6-11,A4.1,4.047203923110693,0,0,5,0,0,0,0,A4.1
125355_forcadinho-np3-6-18,125355_forcadinho-np3-6-18,A4.1,3.5650143593013928,0,0,17,0,0,0,0,A4.1
125355_forcadinho-np3-6-19,125355_forcadinho-np3-6-19,A4.1,2.4642611570457573,0,0,5,0,0,0,0,A4.1
125355_forcadinho-np3-6-25,125355_forcadinho-np3-6-25,A4.1,3.705508295596157,0,0,17,0,0,0,0,A4.1
125355_forcadinho-np3-6-26,125355_forcadinho-np3-6-26,A4.1,3.206616221542708,0,0,17,0,0,0,0,A4.1
125355_forcadinho-np3-6-3,125355_forcadinho-np3-6-3,A4.1,3.430966917401165,0,0,17,0,0,0,0,A4.1
125355_forcadinho-np3-6-31,125355_forcadinho-np3-6-31,A4.1,4.6308306840883775,0,0,1,0,0,0,0,A4.1
125355_forcadinho-np3-6-33,125355_forcadinho-np3-6-33,A4.1,3.6245027903172296,0,0,5,0,0,0,0,A4.1
125355_forcadinho-np3-6-38,125355_forcadinho-np3-6-38,A4.1,1.0587439096653477,0,0,20,0,0,0,0,A4.1
125355_forcadinho-np3-6-4,125355_forcadinho-np3-6-4,A4.1,3.5159485809068727,0,0,17,0,0,0,0,A4.1
125355_forcadinho-np3-6-9,125355_forcadinho-np3-6-9,A4.1,3.877520364149477,0,0,17,0,0,0,0,A4.1
125355_forcadinho-np3-7-11,125355_forcadinho-np3-7-11,A4.1,3.075475520365116,0,0,17,0,0,0,0,A4.1
125355_forcadinho-np3-7-12,125355_forcadinho-np3-7-12,A4.1,1.9737339721906788,0,0,17,0,0,0,0,A4.1
125355_forcadinho-np3-7-19,125355_forcadinho-np3-7-19,A4.1,3.7444133500254377,0,0,5,0,0,0,0,A4.1
125355_forcadinho-np3-7-20,125355_forcadinho-np3-7-20,A4.1,3.4121377757645868,0,0,5,0,0,0,0,A4.1
125355_forcadinho-np3-7-3,125355_forcadinho-np3-7-3,A4.1,2.699246762108608,0,0,11,0,0,0,0,A4.1
125355_forcadinho-np3-7-4,125355_forcadinho-np3-7-4,A4.1,2.699246762108608,0,0,11,0,0,0,0,A4.1
125355_forcadinho-np3-8-11,125355_forcadinho-np3-8-11,A4.1,2.475354659862811,0,0,11,0,0,0,0,A4.1
125355_forcadinho-np3-8-12,125355_forcadinho-np3-8-12,A4.1,2.2233792069722167,0,0,11,0,0,0,0,A4.1
125355_forcadinho-np3-8-44,125355_forcadinho-np3-8-44,A4.1,4.665522138794389,0,0,3,0,0,0,0,A4.1
125355_forcadinho-np3-9-11,125355_forcadinho-np3-9-11,A4.1,3.257772480776701,0,0,52,0,0,0,0,A4.1
125355_forcadinho-np3-9-12,125355_forcadinho-np3-9-12,A4.1,3.230962684936975,0,0,44,0,0,0,0,A4.1
125355_forcadinho-np3-9-19,125355_forcadinho-np3-9-19,A4.1,1.4755931375925286,0,0,44,0,0,0,0,A4.1
125355_forcadinho-np3-9-20,125355_forcadinho-np3-9-20,A4.1,0.4357106053578755,0,0,44,0,0,0,0,A4.1
125355_forcadinho-np3-9-27,125355_forcadinho-np3-9-27,A4.1,3.3463578964799834,0,0,13,0,0,0,0,A4.1
125355_forcadinho-np3-9-28,125355_forcadinho-np3-9-28,A4.1,3.4039367351810697,0,0,13,0,0,0,0,A4.1
125355_forcadinho-np3-9-3,125355_forcadinho-np3-9-3,A3.1,3.5344480835597425,14,0,2,0,0,0,0,A3.1
125355_forcadinho-np3-9-35,125355_forcadinho-np3-9-35,A4.1,0.8565536957355072,0,0,14,0,0,0,0,A4.1
125355_forcadinho-np3-9-36,125355_forcadinho-np3-9-36,A4.1,0.8565536957355072,0,0,14,0,0,0,0,A4.1
125355_forcadinho-np3-9-4,125355_forcadinho-np3-9-4,A3.1,1.494441457283917,18,0,4,0,0,0,0,A3.1
125355_forcadinho-np3-9-43,125355_forcadinho-np3-9-43,A4.1,2.67128199353177,0,0,24,0,0,0,0,A4.1
125355_forcadinho-np3-9-44,125355_forcadinho-np3-9-44,A4.1,2.9929640752135707,0,0,24,0,0,0,0,A4.1
132143_forcadinho-np3-1-11,132143_forcadinho-np3-1-11,A4.1,3.23943186543532,0,0,10,0,0,0,0,A4.1
132143_forcadinho-np3-1-12,132143_forcadinho-np3-1-12,A4.1,3.23943186543532,0,0,10,0,0,0,0,A4.1
132143_forcadinho-np3-1-19,132143_forcadinho-np3-1-19,A4.1,1.8780006970921568,0,0,15,0,0,0,0,A4.1
132143_forcadinho-np3-1-20,132143_forcadinho-np3-1-20,A4.1,1.979634055223232,0,0,15,0,0,0,0,A4.1
132143_forcadinho-np3-1-4,132143_forcadinho-np3-1-4,A4.1,3.789903967843545,0,0,10,0,0,0,0,A4.1
132143_forcadinho-np3-10-17,132143_forcadinho-np3-10-17,A4.1,3.5036086399519504,0,0,18,0,0,0,0,A4.1
132143_forcadinho-np3-10-2,132143_forcadinho-np3-10-2,A4.1,2.786561918279105,0,0,18,0,0,0,0,A4.1
132143_forcadinho-np3-10-26,132143_forcadinho-np3-10-26,A4.1,4.794574994793772,0,0,6,0,0,0,0,A4.1
132143_forcadinho-np3-10-27,132143_forcadinho-np3-10-27,A4.1,3.1321926716986965,0,0,10,0,0,0,0,A4.1
132143_forcadinho-np3-10-28,132143_forcadinho-np3-10-28,A4.1,4.321953061031197,0,0,10,0,0,0,0,A4.1
132143_forcadinho-np3-10-35,132143_forcadinho-np3-10-35,A4.1,0.11236471959962722,0,0,10,0,0,0,0,A4.1
132143_forcadinho-np3-10-36,132143_forcadinho-np3-10-36,A4.1,1.3926867278803456,0,0,10,0,0,0,0,A4.1
132143_forcadinho-np3-10-43,132143_forcadinho-np3-10-43,A4.1,4.014179255078622,0,0,10,0,0,0,0,A4.1
132143_forcadinho-np3-10-9,132143_forcadinho-np3-10-9,A4.1,3.833882334570132,0,0,18,0,0,0,0,A4.1
132143_forcadinho-np3-11-15,132143_forcadinho-np3-11-15,A4.1,4.0397930845805226,0,0,15,0,0,0,0,A4.1
132143_forcadinho-np3-11-23,132143_forcadinho-np3-11-23,A4.1,2.812672747577908,0,0,13,0,0,0,0,A4.1
132143_forcadinho-np3-11-35,132143_forcadinho-np3-11-35,A4.1,4.6264817365396675,0,0,1,0,0,0,0,A4.1
132143_forcadinho-np3-11-36,132143_forcadinho-np3-11-36,A4.1,4.6264817365396675,0,0,1,0,0,0,0,A4.1
132143_forcadinho-np3-11-7,132143_forcadinho-np3-11-7,A4.1,4.275036656870887,0,0,10,0,0,0,0,A4.1
132143_forcadinho-np3-12-15,132143_forcadinho-np3-12-15,A3.1,3.1717727160523106,24,0,0,0,0,0,0,A3.1
132143_forcadinho-np3-12-31,132143_forcadinho-np3-12-31,A3.1,4.267914452614922,14,0,2,0,0,0,0,A3.1
132143_forcadinho-np3-12-39,132143_forcadinho-np3-12-39,A4.1,3.10246200730122,0,0,24,0,0,0,0,A4.1
132143_forcadinho-np3-12-47,132143_forcadinho-np3-12-47,A3.1,1.831254082138229,14,0,0,0,0,0,0,A3.1
132143_forcadinho-np3-12-7,132143_forcadinho-np3-12-7,A3.1,1.666436346839672,24,0,0,0,0,0,0,A3.1
132143_forcadinho-np3-13-14,132143_forcadinho-np3-13-14,A5.1,0.6216767931896263,0,0,0,0,20,0,0,A5.1
132143_forcadinho-np3-13-22,132143_forcadinho-np3-13-22,A5.1,1.037696832447742,0,0,0,0,28,0,0,A5.1
132143_forcadinho-np3-13-31,132143_forcadinho-np3-13-31,A3.1,2.864842535017169,24,0,0,0,0,0,0,A3.1
132143_forcadinho-np3-13-39,132143_forcadinho-np3-13-39,A4.1,1.2793684678217652,0,0,15,0,0,1,0,A4.1
132143_forcadinho-np3-13-46,132143_forcadinho-np3-13-46,A4.1,2.46978138871943,0,0,15,0,0,1,0,A4.1
132143_forcadinho-np3-13-6,132143_forcadinho-np3-13-6,A5.1,0.9420337237848578,0,0,0,0,20,0,0,A5.1
132143_forcadinho-np3-14-13,132143_forcadinho-np3-14-13,A4.1,4.474077315913405,0,0,6,0,0,0,0,A4.1
132143_forcadinho-np3-14-30,132143_forcadinho-np3-14-30,A4.1,2.3437247177949465,0,0,4,0,25,0,0,A5.1
132143_forcadinho-np3-14-38,132143_forcadinho-np3-14-38,A4.1,1.6192840792205059,0,0,34,0,0,0,0,A4.1
132143_forcadinho-np3-14-46,132143_forcadinho-np3-14-46,A4.1,3.2207981532300387,0,0,11,0,0,0,0,A4.1
132143_forcadinho-np3-14-5,132143_forcadinho-np3-14-5,A4.1,4.997139852198472,0,0,2,0,0,0,0,A4.1
132143_forcadinho-np3-14-6,132143_forcadinho-np3-14-6,A4.1,2.106885453793641,0,0,16,0,0,0,0,A4.1
132143_forcadinho-np3-15-37,132143_forcadinho-np3-15-37,A4.1,1.6867804856543072,0,0,1,0,0,0,0,A4.1
132143_forcadinho-np3-18-0,132143_forcadinho-np3-18-0,A3.1,3.880979341738057,19,0,0,0,0,0,0,A3.1
132143_forcadinho-np3-18-19,132143_forcadinho-np3-18-19,A4.1,3.5516457475070102,0,0,4,0,8,0,0,A5.1
132143_forcadinho-np3-18-20,132143_forcadinho-np3-18-20,A4.1,3.067943385209232,0,0,4,0,8,0,0,A5.1
132143_forcadinho-np3-18-30,132143_forcadinho-np3-18-30,A3.1,3.637661090803038,15,0,0,0,0,0,0,A3.1
132143_forcadinho-np3-18-31,132143_forcadinho-np3-18-31,A3.1,1.7200222281306126,15,0,0,0,0,0,0,A3.1
132143_forcadinho-np3-18-32,132143_forcadinho-np3-18-32,A3.1,1.835771837217569,19,0,0,0,0,0,0,A3.1
132143_forcadinho-np3-18-40,132143_forcadinho-np3-18-40,A3.1,2.634499971084273,19,0,0,0,0,0,0,A3.1
132143_forcadinho-np3-19-11,132143_forcadinho-np3-19-11,A3.1,4.577198205152703,1,0,0,0,0,0,0,A3.1
132143_forcadinho-np3-19-12,132143_forcadinho-np3-19-12,A3.1,4.577198205152703,1,0,0,0,0,0,0,A3.1
132143_forcadinho-np3-19-19,132143_forcadinho-np3-19-19,A3.1,1.2408396237515562,15,0,0,0,0,0,0,A3.1
132143_forcadinho-np3-19-20,132143_forcadinho-np3-19-20,A3.1,2.7173105362310945,5,0,0,0,0,0,0,A3.1
132143_forcadinho-np3-19-27,132143_forcadinho-np3-19-27,A4.1,0.2758029872686399,0,0,4,0,8,0,0,A5.1
132143_forcadinho-np3-19-28,132143_forcadinho-np3-19-28,A4.1,0.2758029872686399,0,0,4,0,8,0,0,A5.1
132143_forcadinho-np3-19-3,132143_forcadinho-np3-19-3,A3.1,3.1441993234170447,19,0,0,0,0,0,0,A3.1
132143_forcadinho-np3-19-35,132143_forcadinho-np3-19-35,A3.1,2.6344164724001278,2,0,0,0,0,0,0,A3.1
132143_forcadinho-np3-19-36,132143_forcadinho-np3-19-36,A3.1,3.618743831437172,2,0,0,0,0,0,0,A3.1
132143_forcadinho-np3-19-4,132143_forcadinho-np3-19-4,A3.1,3.7706523919449952,19,0,0,0,0,0,0,A3.1
132143_forcadinho-np3-19-43,132143_forcadinho-np3-19-43,A3.1,0.5515874959534316,2,0,0,0,0,0,0,A3.1
132143_forcadinho-np3-19-44,132143_forcadinho-np3-19-44,A3.1,1.7933568569067675,2,0,0,0,0,0,0,A3.1
132143_forcadinho-np3-2-11,132143_forcadinho-np3-2-11,A4.1,3.2956555997267443,0,0,9,0,0,0,0,A4.1
132143_forcadinho-np3-2-12,132143_forcadinho-np3-2-12,A4.1,4.52892643578005,0,0,2,0,0,0,0,A4.1
132143_forcadinho-np3-2-3,132143_forcadinho-np3-2-3,A4.1,0.9886935381456478,0,0,29,0,0,0,0,A4.1
132143_forcadinho-np3-2-4,132143_forcadinho-np3-2-4,A4.1,0.9886935381456478,0,0,29,0,0,0,0,A4.1
132143_forcadinho-np3-2-43,132143_forcadinho-np3-2-43,A4.1,2.6869367064718426,0,0,24,0,0,0,0,A4.1
132143_forcadinho-np3-2-44,132143_forcadinho-np3-2-44,A4.1,3.1107335767527364,0,0,21,0,0,0,0,A4.1
132143_forcadinho-np3-20-11,132143_forcadinho-np3-20-11,A3.1,1.874559163279788,7,0,0,0,0,0,0,A3.1
132143_forcadinho-np3-20-12,132143_forcadinho-np3-20-12,A3.1,2.1056182346393983,7,0,0,0,0,0,0,A3.1
132143_forcadinho-np3-20-19,132143_forcadinho-np3-20-19,A3.1,0.7125505702901238,7,0,0,0,0,0,0,A3.1
132143_forcadinho-np3-20-20,132143_forcadinho-np3-20-20,A3.1,0.7125505702901238,7,0,0,0,0,0,0,A3.1
132143_forcadinho-np3-20-24,132143_forcadinho-np3-20-24,A3.1,3.1847256408655067,17,0,0,0,0,0,0,A3.1
132143_forcadinho-np3-20-25,132143_forcadinho-np3-20-25,A3.1,4.0306289224782255,17,0,0,0,0,0,0,A3.1
132143_forcadinho-np3-20-3,132143_forcadinho-np3-20-3,A3.1,3.062492797518348,7,0,0,0,0,0,0,A3.1
132143_forcadinho-np3-20-35,132143_forcadinho-np3-20-35,A3.1,2.475853018249039,4,0,0,0,2,0,0,A3.1
132143_forcadinho-np3-20-36,132143_forcadinho-np3-20-36,A3.1,1.6463885992052378,4,0,0,0,2,0,0,A3.1
132143_forcadinho-np3-20-4,132143_forcadinho-np3-20-4,A3.1,2.6158857452291984,7,0,0,0,0,0,0,A3.1
132143_forcadinho-np3-20-43,132143_forcadinho-np3-20-43,A3.1,1.4344845647991011,4,0,0,0,2,0,0,A3.1
132143_forcadinho-np3-20-44,132143_forcadinho-np3-20-44,A3.1,1.4344845647991011,4,0,0,0,2,0,0,A3.1
132143_forcadinho-np3-21-27,132143_forcadinho-np3-21-27,A3.1,0.4596458012103762,7,0,0,0,0,0,0,A3.1
132143_forcadinho-np3-21-28,132143_forcadinho-np3-21-28,A3.1,0.4596458012103762,7,0,0,0,0,0,0,A3.1
132143_forcadinho-np3-21-35,132143_forcadinho-np3-21-35,A3.7,4.089163840292036,0,2,0,0,0,0,0,A3.7
132143_forcadinho-np3-21-36,132143_forcadinho-np3-21-36,A3.7,2.8358107330273397,0,5,0,0,0,0,0,A3.7
132143_forcadinho-np3-21-45,132143_forcadinho-np3-21-45,A5.2,0.3794668780091268,0,0,0,0,0,14,0,A5.2
132143_forcadinho-np3-21-7,132143_forcadinho-np3-21-7,A5.1,2.2047925927105085,0,0,0,0,8,0,0,A5.1
132143_forcadinho-np3-22-11,132143_forcadinho-np3-22-11,A5.1,1.2669198614188233,0,0,0,0,4,0,0,A5.1
132143_forcadinho-np3-22-12,132143_forcadinho-np3-22-12,A5.1,0.9562225564577864,0,0,0,0,4,0,0,A5.1
132143_forcadinho-np3-22-19,132143_forcadinho-np3-22-19,A5.1,3.176291920430371,0,0,0,0,1,0,0,A5.1
132143_forcadinho-np3-22-20,132143_forcadinho-np3-22-20,A5.1,4.4004977292119145,0,0,0,0,1,0,0,A5.1
132143_forcadinho-np3-22-27,132143_forcadinho-np3-22-27,A5.4,3.275979801257424,0,0,0,0,0,0,34,A5.4
132143_forcadinho-np3-22-28,132143_forcadinho-np3-22-28,A5.4,2.838922818111905,0,0,0,0,0,0,34,A5.4
132143_forcadinho-np3-22-3,132143_forcadinho-np3-22-3,A5.1,3.8171037874765688,0,0,0,0,4,0,0,A5.1
132143_forcadinho-np3-22-35,132143_forcadinho-np3-22-35,A5.4,0.7780823778277454,0,0,0,0,0,0,34,A5.4
132143_forcadinho-np3-22-36,132143_forcadinho-np3-22-36,A5.4,0.7780823778277454,0,0,0,0,0,0,34,A5.4
132143_forcadinho-np3-22-4,132143_forcadinho-np3-22-4,A5.1,2.8645318618843505,0,0,0,0,4,0,0,A5.1
132143_forcadinho-np3-22-43,132143_forcadinho-np3-22-43,A5.1,2.6940535967983266,0,0,0,0,19,0,0,A5.1
132143_forcadinho-np3-22-44,132143_forcadinho-np3-22-44,A5.1,3.188511404036791,0,0,0,0,19,0,0,A5.1
132143_forcadinho-np3-23-11,132143_forcadinho-np3-23-11,A4.1,2.526929815637148,0,0,3,0,0,0,0,A4.1
132143_forcadinho-np3-23-12,132143_forcadinho-np3-23-12,A4.1,1.9971155026244125,0,0,3,0,0,0,0,A4.1
132143_forcadinho-np3-23-19,132143_forcadinho-np3-23-19,A4.1,1.8003232261624356,0,0,3,0,0,0,0,A4.1
132143_forcadinho-np3-23-20,132143_forcadinho-np3-23-20,A4.1,1.8003232261624356,0,0,3,0,0,0,0,A4.1
132143_forcadinho-np3-23-3,132143_forcadinho-np3-23-3,A4.1,3.7104630772352407,0,0,3,0,0,0,0,A4.1
132143_forcadinho-np3-23-4,132143_forcadinho-np3-23-4,A4.1,3.474299227479079,0,0,3,0,0,0,0,A4.1
132143_forcadinho-np3-24-11,132143_forcadinho-np3-24-11,A3.1,4.843566407669464,1,0,0,0,0,0,0,A3.1
132143_forcadinho-np3-24-12,132143_forcadinho-np3-24-12,A3.1,4.843566407669464,1,0,0,0,0,0,0,A3.1
132143_forcadinho-np3-24-22,132143_forcadinho-np3-24-22,A4.1,4.373735284525245,0,0,1,0,0,0,0,A4.1
132143_forcadinho-np3-24-23,132143_forcadinho-np3-24-23,A4.1,4.193727121059031,0,0,1,0,0,0,0,A4.1
132143_forcadinho-np3-24-27,132143_forcadinho-np3-24-27,A4.1,2.963031050463072,0,0,3,0,0,0,0,A4.1
132143_forcadinho-np3-24-28,132143_forcadinho-np3-24-28,A4.1,2.7405788972218943,0,0,3,0,0,0,0,A4.1
132143_forcadinho-np3-24-3,132143_forcadinho-np3-24-3,A3.1,3.0594257537354865,1,0,1,0,0,0,0,A3.1
132143_forcadinho-np3-24-35,132143_forcadinho-np3-24-35,A4.1,2.5371592009108848,0,0,1,0,0,0,0,A4.1
132143_forcadinho-np3-24-43,132143_forcadinho-np3-24-43,A4.1,3.3556953859556824,0,0,1,0,0,0,0,A4.1
132143_forcadinho-np3-24-44,132143_forcadinho-np3-24-44,A4.1,4.476732283822313,0,0,3,0,0,0,0,A4.1
132143_forcadinho-np3-25-13,132143_forcadinho-np3-25-13,A4.1,2.916648809098457,0,0,3,0,0,0,0,A4.1
132143_forcadinho-np3-25-14,132143_forcadinho-np3-25-14,A4.1,4.736506840845048,0,0,3,0,0,0,0,A4.1
132143_forcadinho-np3-25-21,132143_forcadinho-np3-25-21,A4.1,3.651074904078696,0,0,3,0,0,0,0,A4.1
132143_forcadinho-np3-25-22,132143_forcadinho-np3-25-22,A4.1,4.2888306102590406,0,0,3,0,0,0,0,A4.1
132143_forcadinho-np3-26-11,132143_forcadinho-np3-26-11,A3.1,2.361811170004786,2,0,0,0,0,0,0,A3.1
132143_forcadinho-np3-26-12,132143_forcadinho-np3-26-12,A3.1,3.3626001152779312,2,0,0,0,0,0,0,A3.1
132143_forcadinho-np3-26-16,132143_forcadinho-np3-26-16,A4.1,2.990426341902777,0,0,6,0,0,0,0,A4.1
132143_forcadinho-np3-26-27,132143_forcadinho-np3-26-27,A4.1,3.7495785961178845,0,0,1,0,0,0,0,A4.1
132143_forcadinho-np3-26-28,132143_forcadinho-np3-26-28,A4.1,3.4411663688397884,0,0,1,0,0,0,0,A4.1
132143_forcadinho-np3-26-3,132143_forcadinho-np3-26-3,A3.1,2.2930913810525557,2,0,1,0,0,0,0,A3.1
132143_forcadinho-np3-26-35,132143_forcadinho-np3-26-35,A4.1,2.937118831723124,0,0,1,0,0,0,0,A4.1
132143_forcadinho-np3-26-36,132143_forcadinho-np3-26-36,A4.1,2.937118831723124,0,0,1,0,0,0,0,A4.1
132143_forcadinho-np3-26-37,132143_forcadinho-np3-26-37,A4.1,3.88214092347696,0,0,3,0,0,0,0,A4.1
132143_forcadinho-np3-26-4,132143_forcadinho-np3-26-4,A3.1,4.095267745770672,2,0,0,0,0,0,0,A3.1
132143_forcadinho-np3-26-43,132143_forcadinho-np3-26-43,A4.1,2.6364208914696468,0,0,1,0,0,0,0,A4.1
132143_forcadinho-np3-26-44,132143_forcadinho-np3-26-44,A4.1,2.6364208914696468,0,0,1,0,0,0,0,A4.1
132143_forcadinho-np3-28-11,132143_forcadinho-np3-28-11,A4.1,3.10652521811498,0,0,13,0,0,0,0,A4.1
132143_forcadinho-np3-28-12,132143_forcadinho-np3-28-12,A4.1,3.1109420014408395,0,0,14,0,0,0,0,A4.1
132143_forcadinho-np3-28-19,132143_forcadinho-np3-28-19,A4.1,1.906844675193217,0,0,13,0,0,0,0,A4.1
132143_forcadinho-np3-28-20,132143_forcadinho-np3-28-20,A4.1,1.906844675193217,0,0,13,0,0,0,0,A4.1
132143_forcadinho-np3-28-3,132143_forcadinho-np3-28-3,A5.2,0.22430457782314547,0,0,0,0,0,21,0,A5.2
132143_forcadinho-np3-28-35,132143_forcadinho-np3-28-35,A5.2,2.9805558171793414,0,0,0,0,0,27,0,A5.2
132143_forcadinho-np3-28-36,132143_forcadinho-np3-28-36,A5.2,2.89587967600494,0,0,0,0,0,27,0,A5.2
132143_forcadinho-np3-28-4,132143_forcadinho-np3-28-4,A5.2,0.22430457782314547,0,0,0,0,0,21,0,A5.2
132143_forcadinho-np3-28-43,132143_forcadinho-np3-28-43,A5.2,2.9555618239940284,0,0,0,0,0,21,0,A5.2
132143_forcadinho-np3-28-44,132143_forcadinho-np3-28-44,A5.2,3.5368599448700215,0,0,0,0,0,21,0,A5.2
132143_forcadinho-np3-29-11,132143_forcadinho-np3-29-11,A4.1,1.8769133281077728,0,0,8,0,0,0,0,A4.1
132143_forcadinho-np3-29-12,132143_forcadinho-np3-29-12,A4.1,3.1606830252388947,0,0,3,0,0,0,0,A4.1
132143_forcadinho-np3-29-19,132143_forcadinho-np3-29-19,A3.1,2.38768843844192,7,13,0,0,0,0,0,A3.7
132143_forcadinho-np3-29-20,132143_forcadinho-np3-29-20,A3.7,3.2482649172739078,0,8,0,0,0,0,0,A3.7
132143_forcadinho-np3-29-27,132143_forcadinho-np3-29-27,A4.1,3.528292268148504,0,0,1,0,0,0,0,A4.1
132143_forcadinho-np3-29-28,132143_forcadinho-np3-29-28,A4.1,4.128216149914647,0,0,4,0,0,0,0,A4.1
132143_forcadinho-np3-29-3,132143_forcadinho-np3-29-3,A4.1,0.6371696106945786,0,0,10,0,0,0,0,A4.1
132143_forcadinho-np3-29-35,132143_forcadinho-np3-29-35,A4.1,1.0230501802443994,0,0,14,0,0,0,0,A4.1
132143_forcadinho-np3-29-36,132143_forcadinho-np3-29-36,A4.1,1.0230501802443994,0,0,14,0,0,0,0,A4.1
132143_forcadinho-np3-29-4,132143_forcadinho-np3-29-4,A4.1,0.6371696106945786,0,0,10,0,0,0,0,A4.1
132143_forcadinho-np3-29-43,132143_forcadinho-np3-29-43,A4.1,3.6381298315198816,0,0,8,0,0,0,0,A4.1
132143_forcadinho-np3-29-44,132143_forcadinho-np3-29-44,A4.1,3.0403965991337167,0,0,9,0,0,0,0,A4.1
132143_forcadinho-np3-3-11,132143_forcadinho-np3-3-11,A4.1,3.3934830577947466,0,0,4,0,0,0,0,A4.1
132143_forcadinho-np3-3-12,132143_forcadinho-np3-3-12,A4.1,2.90159067248934,0,0,4,0,0,0,0,A4.1
132143_forcadinho-np3-3-14,132143_forcadinho-np3-3-14,A3.1,0.7897155001778962,24,0,0,0,0,0,0,A3.1
132143_forcadinho-np3-3-19,132143_forcadinho-np3-3-19,A4.1,1.361540486977621,0,0,4,0,0,0,0,A4.1
132143_forcadinho-np3-3-20,132143_forcadinho-np3-3-20,A4.1,1.361540486977621,0,0,4,0,0,0,0,A4.1
132143_forcadinho-np3-3-22,132143_forcadinho-np3-3-22,A3.1,1.8953110257587624,24,0,0,0,0,0,0,A3.1
132143_forcadinho-np3-30-11,132143_forcadinho-np3-30-11,A3.7,3.399218450324148,0,3,0,0,0,0,0,A3.7
132143_forcadinho-np3-30-12,132143_forcadinho-np3-30-12,A3.7,3.8173910333794066,0,3,0,0,0,0,0,A3.7
132143_forcadinho-np3-30-19,132143_forcadinho-np3-30-19,A3.7,2.5613025728493346,0,3,0,0,0,0,0,A3.7
132143_forcadinho-np3-30-20,132143_forcadinho-np3-30-20,A3.7,1.643082651710276,0,3,0,0,0,0,0,A3.7
132143_forcadinho-np3-30-28,132143_forcadinho-np3-30-28,A3.7,2.81916365858912,0,5,0,0,0,0,0,A3.7
132143_forcadinho-np3-30-3,132143_forcadinho-np3-30-3,A3.7,2.52368921648934,0,13,0,0,0,0,0,A3.7
132143_forcadinho-np3-30-37,132143_forcadinho-np3-30-37,A3.7,4.758668282557721,0,1,0,0,0,0,0,A3.7
132143_forcadinho-np3-30-4,132143_forcadinho-np3-30-4,A3.7,2.7089655866132207,0,13,0,0,0,0,0,A3.7
132143_forcadinho-np3-30-43,132143_forcadinho-np3-30-43,A3.7,3.1012999890596276,0,13,0,0,0,0,0,A3.7
132143_forcadinho-np3-30-44,132143_forcadinho-np3-30-44,A3.7,3.7468758493217136,0,13,0,0,0,0,0,A3.7
132143_forcadinho-np3-31-11,132143_forcadinho-np3-31-11,A3.1,3.530484689216137,3,0,0,0,0,0,0,A3.1
132143_forcadinho-np3-31-12,132143_forcadinho-np3-31-12,A3.1,3.9464325759704035,1,0,0,0,0,0,0,A3.1
132143_forcadinho-np3-31-2,132143_forcadinho-np3-31-2,A3.1,0.5194707578636866,9,0,0,0,0,0,0,A3.1
132143_forcadinho-np3-31-27,132143_forcadinho-np3-31-27,A3.7,2.993013263204966,0,1,0,0,0,0,0,A3.7
132143_forcadinho-np3-31-28,132143_forcadinho-np3-31-28,A3.7,3.919319834604395,0,1,0,0,0,0,0,A3.7
132143_forcadinho-np3-31-3,132143_forcadinho-np3-31-3,A3.1,2.3591538335955367,2,0,0,0,0,0,0,A3.1
132143_forcadinho-np3-31-32,132143_forcadinho-np3-31-32,A3.1,3.4674713030431223,17,0,0,0,0,0,0,A3.1
132143_forcadinho-np3-31-33,132143_forcadinho-np3-31-33,A3.1,3.86937814650868,17,0,0,0,0,0,0,A3.1
132143_forcadinho-np3-31-4,132143_forcadinho-np3-31-4,A3.1,2.3591538335955367,2,0,0,0,0,0,0,A3.1
132143_forcadinho-np3-31-42,132143_forcadinho-np3-31-42,A3.1,0.5121787465575618,9,0,0,0,0,0,0,A3.1
132143_forcadinho-np3-31-43,132143_forcadinho-np3-31-43,A3.1,2.5264176323966825,2,0,0,0,0,0,0,A3.1
132143_forcadinho-np3-31-44,132143_forcadinho-np3-31-44,A3.1,2.9926227497465976,2,0,0,0,0,0,0,A3.1
132143_forcadinho-np3-32-11,132143_forcadinho-np3-32-11,A5.1,2.9957553051492543,0,0,0,0,1,0,0,A5.1
132143_forcadinho-np3-32-12,132143_forcadinho-np3-32-12,A5.1,3.6203779782684933,0,0,0,0,1,0,0,A5.1
132143_forcadinho-np3-32-19,132143_forcadinho-np3-32-19,A5.1,0.8507006691030952,0,0,0,0,1,0,0,A5.1
132143_forcadinho-np3-32-20,132143_forcadinho-np3-32-20,A5.1,0.8507006691030952,0,0,0,0,1,0,0,A5.1
132143_forcadinho-np3-32-27,132143_forcadinho-np3-32-27,A4.1,2.8650547074540786,0,0,3,0,2,0,0,A4.1
132143_forcadinho-np3-32-28,132143_forcadinho-np3-32-28,A3.1,3.4910681163186945,4,0,3,0,2,0,0,A3.1
132143_forcadinho-np3-32-29,132143_forcadinho-np3-32-29,A3.1,4.254364821428533,5,0,0,0,0,0,0,A3.1
132143_forcadinho-np3-32-35,132143_forcadinho-np3-32-35,A4.1,1.5465883197055494,0,0,3,0,2,0,0,A4.1
132143_forcadinho-np3-32-36,132143_forcadinho-np3-32-36,A4.1,0.9498737263185694,0,0,3,0,2,0,0,A4.1
132143_forcadinho-np3-32-37,132143_forcadinho-np3-32-37,A3.1,2.9059434276497105,10,0,0,0,0,0,0,A3.1
132143_forcadinho-np3-33-11,132143_forcadinho-np3-33-11,A5.1,3.16997254827062,0,0,0,0,4,0,0,A5.1
132143_forcadinho-np3-33-12,132143_forcadinho-np3-33-12,A5.1,3.0751845219283886,0,0,0,0,5,0,0,A5.1
132143_forcadinho-np3-33-19,132143_forcadinho-np3-33-19,A5.1,2.334099361737495,0,0,0,0,2,0,0,A5.1
132143_forcadinho-np3-33-20,132143_forcadinho-np3-33-20,A5.1,2.7805024588301146,0,0,0,0,2,0,0,A5.1
132143_forcadinho-np3-33-27,132143_forcadinho-np3-33-27,A5.1,2.7279237341016787,0,0,0,0,3,0,0,A5.1
132143_forcadinho-np3-33-28,132143_forcadinho-np3-33-28,A5.1,2.89388136554191,0,0,0,0,3,0,0,A5.1
132143_forcadinho-np3-33-3,132143_forcadinho-np3-33-3,A5.1,2.989526477722149,0,0,0,0,5,0,0,A5.1
132143_forcadinho-np3-33-35,132143_forcadinho-np3-33-35,A5.1,2.779782778438592,0,0,0,0,6,0,0,A5.1
132143_forcadinho-np3-33-36,132143_forcadinho-np3-33-36,A5.1,3.1733444587672466,0,0,0,0,6,0,0,A5.1
132143_forcadinho-np3-33-4,132143_forcadinho-np3-33-4,A5.1,3.0299331654955073,0,0,0,0,5,0,0,A5.1
132143_forcadinho-np3-33-43,132143_forcadinho-np3-33-43,A5.1,1.5454104688503234,0,0,0,0,6,0,0,A5.1
132143_forcadinho-np3-33-44,132143_forcadinho-np3-33-44,A5.1,1.9995917377784835,0,0,0,0,6,0,0,A5.1
132143_forcadinho-np3-34-11,132143_forcadinho-np3-34-11,A4.1,4.2498710570358105,0,0,5,0,0,0,0,A4.1
132143_forcadinho-np3-34-12,132143_forcadinho-np3-34-12,A4.1,2.534023659964958,0,0,7,0,0,0,0,A4.1
132143_forcadinho-np3-34-19,132143_forcadinho-np3-34-19,A4.1,2.7499957111083377,0,0,5,0,0,0,0,A4.1
132143_forcadinho-np3-34-20,132143_forcadinho-np3-34-20,A4.1,2.1970405057578453,0,0,5,0,0,0,0,A4.1
132143_forcadinho-np3-34-3,132143_forcadinho-np3-34-3,A4.1,3.1190198690537105,0,0,3,0,0,0,0,A4.1
132143_forcadinho-np3-34-4,132143_forcadinho-np3-34-4,A4.1,3.3185975767509617,0,0,8,0,0,0,0,A4.1
132143_forcadinho-np3-35-11,132143_forcadinho-np3-35-11,A3.1,3.2851831860872585,8,0,0,0,0,0,0,A3.1
132143_forcadinho-np3-35-12,132143_forcadinho-np3-35-12,A3.1,3.3115029229576938,8,4,1,0,0,0,0,A3.1
132143_forcadinho-np3-35-19,132143_forcadinho-np3-35-19,A3.1,1.3086719780149874,8,0,0,0,0,0,0,A3.1
132143_forcadinho-np3-35-20,132143_forcadinho-np3-35-20,A3.1,1.3086719780149874,8,0,0,0,0,0,0,A3.1
132143_forcadinho-np3-35-27,132143_forcadinho-np3-35-27,A4.1,3.3040403683526898,0,0,3,0,0,0,0,A4.1
132143_forcadinho-np3-35-28,132143_forcadinho-np3-35-28,A4.1,3.5191680779309205,0,0,3,0,0,0,0,A4.1
132143_forcadinho-np3-35-3,132143_forcadinho-np3-35-3,A5.2,1.7835837380584991,0,0,0,0,0,8,0,A5.2
132143_forcadinho-np3-35-4,132143_forcadinho-np3-35-4,A5.2,2.1404095350972154,0,0,0,0,0,8,0,A5.2
132143_forcadinho-np3-35-43,132143_forcadinho-np3-35-43,A5.2,4.664860336581357,0,0,0,0,0,4,0,A5.2
132143_forcadinho-np3-36-11,132143_forcadinho-np3-36-11,A3.7,2.99422974964792,0,5,0,0,0,0,0,A3.7
132143_forcadinho-np3-36-12,132143_forcadinho-np3-36-12,A3.7,3.53757387620817,0,5,0,0,0,0,0,A3.7
132143_forcadinho-np3-36-27,132143_forcadinho-np3-36-27,A3.1,2.852036689986325,2,4,1,0,0,0,0,A3.7
132143_forcadinho-np3-36-28,132143_forcadinho-np3-36-28,A3.7,3.8192163776184,0,4,1,0,0,0,0,A3.7
132143_forcadinho-np3-36-3,132143_forcadinho-np3-36-3,A3.1,0.1941054934341208,4,0,0,0,0,0,0,A3.1
132143_forcadinho-np3-36-35,132143_forcadinho-np3-36-35,A3.1,0.8703863670774481,4,4,1,0,0,0,0,A3.1
132143_forcadinho-np3-36-36,132143_forcadinho-np3-36-36,A3.1,0.8703863670774481,4,4,1,0,0,0,0,A3.1
132143_forcadinho-np3-36-4,132143_forcadinho-np3-36-4,A3.1,0.1941054934341208,4,0,0,0,0,0,0,A3.1
132143_forcadinho-np3-36-43,132143_forcadinho-np3-36-43,A3.1,3.311512533471203,4,0,0,0,0,0,0,A3.1
132143_forcadinho-np3-36-44,132143_forcadinho-np3-36-44,A3.1,3.296381930097344,4,0,0,0,0,0,0,A3.1
132143_forcadinho-np3-37-19,132143_forcadinho-np3-37-19,A4.1,2.4810806693526066,0,0,11,0,0,0,0,A4.1
132143_forcadinho-np3-37-20,132143_forcadinho-np3-37-20,A4.1,3.0519761513328207,0,0,9,0,0,0,0,A4.1
132143_forcadinho-np3-38-27,132143_forcadinho-np3-38-27,A4.1,3.7003985160662407,0,0,7,0,0,0,0,A4.1
132143_forcadinho-np3-38-28,132143_forcadinho-np3-38-28,A4.1,3.7003985160662407,0,0,7,0,0,0,0,A4.1
132143_forcadinho-np3-4-11,132143_forcadinho-np3-4-11,A4.1,3.020125075665473,0,0,11,0,0,0,0,A4.1
132143_forcadinho-np3-4-12,132143_forcadinho-np3-4-12,A4.1,3.782338656186348,0,0,10,0,0,0,0,A4.1
132143_forcadinho-np3-4-27,132143_forcadinho-np3-4-27,A3.1,2.6421091748088728,2,0,0,0,0,0,0,A3.1
132143_forcadinho-np3-4-28,132143_forcadinho-np3-4-28,A3.1,0.41122318410608105,18,0,2,0,0,0,0,A3.1
132143_forcadinho-np3-5-1,132143_forcadinho-np3-5-1,A4.1,1.7933889270747492,0,0,3,0,0,0,0,A4.1
132143_forcadinho-np3-5-17,132143_forcadinho-np3-5-17,A4.1,1.8942867586639196,0,0,12,0,0,0,0,A4.1
132143_forcadinho-np3-5-18,132143_forcadinho-np3-5-18,A4.1,4.321616337433092,0,0,1,0,0,0,0,A4.1
132143_forcadinho-np3-5-19,132143_forcadinho-np3-5-19,A4.1,3.4500045836989464,0,0,13,0,1,0,0,A4.1
132143_forcadinho-np3-5-2,132143_forcadinho-np3-5-2,A4.1,4.470684820638878,0,0,1,0,0,0,0,A4.1
132143_forcadinho-np3-5-20,132143_forcadinho-np3-5-20,A4.1,3.7072319218065073,0,0,12,0,2,0,0,A4.1
132143_forcadinho-np3-5-21,132143_forcadinho-np3-5-21,A4.1,4.785109632878697,0,0,2,0,0,0,0,A4.1
132143_forcadinho-np3-5-23,132143_forcadinho-np3-5-23,A4.1,4.329645516045549,0,0,7,0,0,0,0,A4.1
132143_forcadinho-np3-5-27,132143_forcadinho-np3-5-27,A4.1,2.4982997138261185,0,0,18,0,0,0,0,A4.1
132143_forcadinho-np3-5-28,132143_forcadinho-np3-5-28,A4.1,2.9605686533657174,0,0,18,0,0,0,0,A4.1
132143_forcadinho-np3-5-3,132143_forcadinho-np3-5-3,A4.1,3.365021928575801,0,0,7,0,0,0,0,A4.1
132143_forcadinho-np3-5-34,132143_forcadinho-np3-5-34,A4.1,1.8387887057110583,0,0,10,0,0,0,0,A4.1
132143_forcadinho-np3-5-35,132143_forcadinho-np3-5-35,A4.1,1.8365781849013931,0,0,15,0,0,0,0,A4.1
132143_forcadinho-np3-5-36,132143_forcadinho-np3-5-36,A4.1,1.8365781849013931,0,0,15,0,0,0,0,A4.1
132143_forcadinho-np3-5-4,132143_forcadinho-np3-5-4,A4.1,3.3813389996688312,0,0,7,0,0,0,0,A4.1
132143_forcadinho-np3-5-42,132143_forcadinho-np3-5-42,A4.1,1.4342622640270737,0,0,10,0,0,0,0,A4.1
132143_forcadinho-np3-5-43,132143_forcadinho-np3-5-43,A4.1,1.9690481077897517,0,0,15,0,0,0,0,A4.1
132143_forcadinho-np3-5-44,132143_forcadinho-np3-5-44,A4.1,3.254653539973863,0,0,15,0,0,0,0,A4.1
132143_forcadinho-np3-6-11,132143_forcadinho-np3-6-11,A4.1,2.0456096655153684,0,0,12,0,0,0,0,A4.1
132143_forcadinho-np3-6-12,132143_forcadinho-np3-6-12,A4.1,2.2580510059616032,0,0,12,0,0,0,0,A4.1
132143_forcadinho-np3-6-19,132143_forcadinho-np3-6-19,A4.1,3.031879098742188,0,0,10,0,0,0,0,A4.1
132143_forcadinho-np3-6-2,132143_forcadinho-np3-6-2,A4.1,4.860493785205174,0,0,1,0,0,0,0,A4.1
132143_forcadinho-np3-6-20,132143_forcadinho-np3-6-20,A4.1,3.160714154383893,0,0,10,0,0,0,0,A4.1
132143_forcadinho-np3-6-26,132143_forcadinho-np3-6-26,A4.1,4.423601601528183,0,0,1,0,0,0,0,A4.1
132143_forcadinho-np3-6-27,132143_forcadinho-np3-6-27,A4.1,1.245731213874929,0,0,12,0,2,0,0,A4.1
132143_forcadinho-np3-6-28,132143_forcadinho-np3-6-28,A4.1,1.245731213874929,0,0,12,0,2,0,0,A4.1
132143_forcadinho-np3-6-29,132143_forcadinho-np3-6-29,A4.1,2.659221336865662,0,0,23,0,0,0,0,A4.1
132143_forcadinho-np3-6-3,132143_forcadinho-np3-6-3,A4.1,3.377150341126975,0,0,3,0,0,0,0,A4.1
132143_forcadinho-np3-6-31,132143_forcadinho-np3-6-31,A4.1,1.4712031417374103,0,0,14,0,0,0,0,A4.1
132143_forcadinho-np3-6-32,132143_forcadinho-np3-6-32,A4.1,4.781231129184885,0,0,5,0,0,0,0,A4.1
132143_forcadinho-np3-6-35,132143_forcadinho-np3-6-35,A4.1,2.3717760082020423,0,0,1,0,0,0,0,A4.1
132143_forcadinho-np3-6-4,132143_forcadinho-np3-6-4,A4.1,3.377150341126975,0,0,3,0,0,0,0,A4.1
132143_forcadinho-np3-6-40,132143_forcadinho-np3-6-40,A4.1,1.859806142192044,0,0,7,0,0,0,0,A4.1
132143_forcadinho-np3-6-43,132143_forcadinho-np3-6-43,A4.1,4.773181568266703,0,0,1,0,0,0,0,A4.1
132143_forcadinho-np3-7-35,132143_forcadinho-np3-7-35,A4.1,2.7951858893460084,0,0,16,0,0,0,0,A4.1
132143_forcadinho-np3-7-36,132143_forcadinho-np3-7-36,A4.1,3.4078776302874614,0,0,16,0,0,0,0,A4.1
132143_forcadinho-np3-7-4,132143_forcadinho-np3-7-4,A4.1,4.699977639633811,0,0,3,0,0,0,0,A4.1
132143_forcadinho-np3-7-43,132143_forcadinho-np3-7-43,A4.1,0.4313689012998157,0,0,16,0,0,0,0,A4.1
132143_forcadinho-np3-7-44,132143_forcadinho-np3-7-44,A4.1,0.4313689012998157,0,0,16,0,0,0,0,A4.1
132143_forcadinho-np3-8-17,132143_forcadinho-np3-8-17,A4.1,1.2734362035994162,0,0,20,0,0,0,0,A4.1
132143_forcadinho-np3-8-23,132143_forcadinho-np3-8-23,A4.1,4.535723790578249,0,0,4,0,0,0,0,A4.1
132143_forcadinho-np3-8-30,132143_forcadinho-np3-8-30,A4.1,3.3168617791900687,0,0,17,0,0,0,0,A4.1
132143_forcadinho-np3-8-33,132143_forcadinho-np3-8-33,A4.1,0.5518337530662893,0,0,10,0,0,0,0,A4.1
132143_forcadinho-np3-8-34,132143_forcadinho-np3-8-34,A4.1,2.184290624480101,0,0,16,0,0,0,0,A4.1
132143_forcadinho-np3-8-35,132143_forcadinho-np3-8-35,A4.1,2.184290624480101,0,0,16,0,0,0,0,A4.1
132143_forcadinho-np3-8-36,132143_forcadinho-np3-8-36,A4.1,2.184290624480101,0,0,16,0,0,0,0,A4.1
132143_forcadinho-np3-8-37,132143_forcadinho-np3-8-37,A4.1,2.184290624480101,0,0,16,0,0,0,0,A4.1
132143_forcadinho-np3-8-38,132143_forcadinho-np3-8-38,A4.1,4.3720340136063855,0,0,3,0,0,0,0,A4.1
132143_forcadinho-np3-8-46,132143_forcadinho-np3-8-46,A4.1,4.782486615452809,0,0,11,0,0,0,0,A4.1
132143_forcadinho-np3-8-6,132143_forcadinho-np3-8-6,A4.1,3.379878806697917,0,0,16,0,0,0,0,A4.1
132143_forcadinho-np3-9-1,132143_forcadinho-np3-9-1,A4.1,4.812839637720548,0,0,7,0,0,0,0,A4.1
132143_forcadinho-np3-9-11,132143_forcadinho-np3-9-11,A4.1,3.273442189909173,0,0,3,0,0,0,0,A4.1
132143_forcadinho-np3-9-12,132143_forcadinho-np3-9-12,A4.1,3.5523065695577456,0,0,3,0,0,0,0,A4.1
132143_forcadinho-np3-9-13,132143_forcadinho-np3-9-13,A4.1,4.431153118876226,0,0,10,0,0,0,0,A4.1
132143_forcadinho-np3-9-18,132143_forcadinho-np3-9-18,A4.1,3.0396171978038216,0,0,17,0,0,0,0,A4.1
132143_forcadinho-np3-9-32,132143_forcadinho-np3-9-32,A4.1,4.9807841731830536,0,0,11,0,0,0,0,A4.1
132143_forcadinho-np3-9-40,132143_forcadinho-np3-9-40,A4.1,3.2366268588191827,0,0,16,0,0,0,0,A4.1
132143_forcadinho-np3-9-41,132143_forcadinho-np3-9-41,A4.1,4.196622112380043,0,0,12,0,0,0,0,A4.1
132143_forcadinho-np3-9-8,132143_forcadinho-np3-9-8,A4.1,4.741504053502523,0,0,1,0,0,0,0,A4.1
132143_forcadinho-np3-9-9,132143_forcadinho-np3-9-9,A4.1,2.5630668865286323,0,0,12,0,0,0,0,A4.1
132614_mb_survey3-1-25,132614_mb_survey3-1-25,A5.1,3.2831468049012833,0,0,0,0,5,0,0,A5.1
132614_mb_survey3-13-11,132614_mb_survey3-13-11,A3.1,1.7268568212503312,7,0,0,0,0,0,0,A3.1
132614_mb_survey3-13-12,132614_mb_survey3-13-12,A3.1,1.7268568212503312,7,0,0,0,0,0,0,A3.1
132614_mb_survey3-13-13,132614_mb_survey3-13-13,A3.1,4.385281867819965,1,0,0,0,0,0,0,A3.1
132614_mb_survey3-13-40,132614_mb_survey3-13-40,A4.1,4.917506429631187,0,0,6,0,0,0,0,A4.1
132614_mb_survey3-13-8,132614_mb_survey3-13-8,A5.2,0.8950622064188882,0,0,0,0,0,14,0,A5.2
132614_mb_survey3-2-21,132614_mb_survey3-2-21,A4.1,3.9239865256088198,0,0,1,0,0,0,0,A4.1
132614_mb_survey3-2-23,132614_mb_survey3-2-23,A4.1,2.789430707124988,0,0,7,0,4,0,0,A4.1
132614_mb_survey3-20-0,132614_mb_survey3-20-0,A3.7,4.064201256751939,0,5,0,0,0,0,0,A3.7
132614_mb_survey3-20-21,132614_mb_survey3-20-21,A5.2,4.270713996666276,0,0,0,0,0,12,0,A5.2
132614_mb_survey3-20-43,132614_mb_survey3-20-43,A5.1,1.8878309082053384,0,0,0,0,3,0,0,A5.1
132614_mb_survey3-20-44,132614_mb_survey3-20-44,A5.1,1.8878309082053384,0,0,0,0,3,0,0,A5.1
132614_mb_survey3-25-23,132614_mb_survey3-25-23,A5.2,4.447705431802827,0,0,0,0,0,11,0,A5.2
132614_mb_survey3-26-11,132614_mb_survey3-26-11,A4.1,1.064385502624187,0,0,11,0,0,0,0,A4.1
132614_mb_survey3-26-12,132614_mb_survey3-26-12,A4.1,1.064385502624187,0,0,11,0,0,0,0,A4.1
132614_mb_survey3-26-2,132614_mb_survey3-26-2,A5.2,4.9040329534401605,0,0,0,0,0,9,0,A5.2
132614_mb_survey3-26-3,132614_mb_survey3-26-3,A5.2,4.9040329534401605,0,0,0,0,0,9,0,A5.2
132614_mb_survey3-26-4,132614_mb_survey3-26-4,A5.2,4.9040329534401605,0,0,0,0,0,9,0,A5.2
132614_mb_survey3-26-5,132614_mb_survey3-26-5,A5.2,4.9040329534401605,0,0,0,0,0,9,0,A5.2
132614_mb_survey3-27-1,132614_mb_survey3-27-1,A3.1,3.6797753504655613,12,0,0,0,0,0,0,A3.1
132614_mb_survey3-27-40,132614_mb_survey3-27-40,A3.1,2.9668549967467333,9,0,0,0,0,0,0,A3.1
132614_mb_survey3-7-11,132614_mb_survey3-7-11,A3.1,2.8024457363171864,20,0,0,0,0,0,0,A3.1
132614_mb_survey3-7-12,132614_mb_survey3-7-12,A3.1,2.8024457363171864,20,0,0,0,0,0,0,A3.1
132614_mb_survey3-7-27,132614_mb_survey3-7-27,A3.1,3.0547144775531048,9,0,0,0,0,0,0,A3.1
132614_mb_survey3-7-28,132614_mb_survey3-7-28,A3.1,3.0547144775531048,9,0,0,0,0,0,0,A3.1
132614_mb_survey3-8-32,132614_mb_survey3-8-32,A3.1,0.8437374856877927,10,0,0,0,0,0,0,A3.1
132614_mb_survey3-8-35,132614_mb_survey3-8-35,A3.1,3.800233064935308,2,0,0,0,0,0,0,A3.1
132614_mb_survey3-8-36,132614_mb_survey3-8-36,A3.1,3.800233064935308,2,0,0,0,0,0,0,A3.1
132614_mb_survey3-8-39,132614_mb_survey3-8-39,A3.7,4.332280320783243,0,1,0,0,0,0,0,A3.7
143418_mb_survey4-1-0,143418_mb_survey4-1-0,A4.1,0.9766475885348828,0,0,16,0,0,0,0,A4.1
143418_mb_survey4-10-15,143418_mb_survey4-10-15,A3.1,4.988411158451519,5,0,0,0,0,0,0,A3.1
143418_mb_survey4-10-24,143418_mb_survey4-10-24,A3.1,2.686215502429247,20,0,0,0,0,0,0,A3.1
143418_mb_survey4-10-25,143418_mb_survey4-10-25,A3.7,4.955151948513666,0,3,0,0,0,0,0,A3.7
143418_mb_survey4-11-24,143418_mb_survey4-11-24,A3.1,4.856195049086129,2,0,0,0,0,0,0,A3.1
143418_mb_survey4-11-25,143418_mb_survey4-11-25,A3.7,4.0376819390689045,0,5,0,0,0,0,0,A3.7
143418_mb_survey4-13-14,143418_mb_survey4-13-14,A4.1,2.8200451816500514,0,0,15,0,0,0,0,A4.1
143418_mb_survey4-13-23,143418_mb_survey4-13-23,A4.1,3.6860295681617683,0,0,3,0,0,0,0,A4.1
143418_mb_survey4-13-46,143418_mb_survey4-13-46,A4.1,3.898996809284677,0,0,17,0,0,0,0,A4.1
143418_mb_survey4-17-34,143418_mb_survey4-17-34,A4.1,1.7580424438806002,0,0,14,0,0,0,0,A4.1
143418_mb_survey4-17-35,143418_mb_survey4-17-35,A4.1,2.8581120617575566,0,0,24,0,0,0,0,A4.1
143418_mb_survey4-17-36,143418_mb_survey4-17-36,A4.1,2.8581120617575566,0,0,24,0,0,0,0,A4.1
143418_mb_survey4-17-37,143418_mb_survey4-17-37,A3.1,3.897832755156028,4,0,2,0,0,0,0,A3.1
143418_mb_survey4-17-46,143418_mb_survey4-17-46,A3.1,2.158651198777431,24,0,0,0,0,0,0,A3.1
143418_mb_survey4-2-8,143418_mb_survey4-2-8,A4.1,3.241074881950808,0,0,20,0,0,0,0,A4.1
143418_mb_survey4-20-22,143418_mb_survey4-20-22,A3.1,3.943339458879018,4,0,0,0,0,0,0,A3.1
143418_mb_survey4-20-26,143418_mb_survey4-20-26,A3.7,2.884710081480253,0,14,0,0,0,0,0,A3.7
143418_mb_survey4-20-27,143418_mb_survey4-20-27,A3.7,0.7370514874523043,0,7,0,0,0,0,0,A3.7
143418_mb_survey4-20-28,143418_mb_survey4-20-28,A3.7,0.7370514874523043,0,7,0,0,0,0,0,A3.7
143418_mb_survey4-24-14,143418_mb_survey4-24-14,A3.1,3.8878239352382975,6,0,0,0,0,0,0,A3.1
143418_mb_survey4-24-19,143418_mb_survey4-24-19,A3.1,3.3472802501546433,4,0,0,0,0,0,0,A3.1
143418_mb_survey4-24-2,143418_mb_survey4-24-2,A4.1,3.0621705168169506,0,0,3,0,0,0,0,A4.1
143418_mb_survey4-24-20,143418_mb_survey4-24-20,A3.1,3.3472802501546433,4,0,0,0,0,0,0,A3.1
143418_mb_survey4-24-3,143418_mb_survey4-24-3,A4.1,4.713692692991224,0,0,5,0,0,0,0,A4.1
143418_mb_survey4-24-4,143418_mb_survey4-24-4,A4.1,4.713692692991224,0,0,5,0,0,0,0,A4.1
143418_mb_survey4-24-5,143418_mb_survey4-24-5,A4.1,0.6830590561547852,0,0,3,0,0,0,0,A4.1
143418_mb_survey4-3-2,143418_mb_survey4-3-2,A4.1,2.912560011379988,0,0,10,0,0,0,0,A4.1
143418_mb_survey4-3-3,143418_mb_survey4-3-3,A4.1,2.912560011379988,0,0,10,0,0,0,0,A4.1
143418_mb_survey4-3-4,143418_mb_survey4-3-4,A4.1,2.912560011379988,0,0,10,0,0,0,0,A4.1
143418_mb_survey4-3-5,143418_mb_survey4-3-5,A4.1,2.912560011379988,0,0,10,0,0,0,0,A4.1
143418_mb_survey4-4-10,143418_mb_survey4-4-10,A4.1,0.1691763387433949,0,0,12,0,0,0,0,A4.1
143418_mb_survey4-4-11,143418_mb_survey4-4-11,A4.1,0.1691763387433949,0,0,12,0,0,0,0,A4.1
143418_mb_survey4-4-12,143418_mb_survey4-4-12,A4.1,0.1691763387433949,0,0,12,0,0,0,0,A4.1
143418_mb_survey4-4-13,143418_mb_survey4-4-13,A4.1,0.1691763387433949,0,0,12,0,0,0,0,A4.1
143418_mb_survey4-4-14,143418_mb_survey4-4-14,A4.1,2.018561514137201,0,0,3,0,0,0,0,A4.1
143418_mb_survey4-4-15,143418_mb_survey4-4-15,A4.1,0.7757092963648128,0,0,10,0,0,0,0,A4.1
143418_mb_survey4-4-18,143418_mb_survey4-4-18,A4.1,1.0206446573973984,0,0,12,0,2,0,0,A4.1
143418_mb_survey4-4-19,143418_mb_survey4-4-19,A4.1,1.0206446573973984,0,0,12,0,2,0,0,A4.1
143418_mb_survey4-4-20,143418_mb_survey4-4-20,A4.1,1.0206446573973984,0,0,12,0,2,0,0,A4.1
143418_mb_survey4-4-21,143418_mb_survey4-4-21,A4.1,1.0206446573973984,0,0,12,0,2,0,0,A4.1
143418_mb_survey4-7-15,143418_mb_survey4-7-15,A3.1,2.91886872988516,4,27,0,0,0,0,0,A3.7
