filename,A3.1-A4.1,A3.7-A4.7,A5.1,A5.2,A5.4,first_level3,second_level3,first_level2,second_level2
105317_cam-np3_frame1347.jpg,0.35891625,0.37245995,0.035567578,0.22675237,0.006303805,A3.7-A4.7,A3.1-A4.1,A3,A3
105317_cam-np3_frame1352.jpg,0.49725488,0.47817978,0.010723336,0.01243502,0.0014070524,A3.1-A4.1,A3.7-A4.7,A3,A3
105317_cam-np3_frame1390.jpg,0.66990316,0.3268681,0.0021938311,0.0005654753,0.00046947735,A3.1-A4.1,A3.7-A4.7,A3,A3
105317_cam-np3_frame1468.jpg,0.62503237,0.37297106,0.0013812687,0.00030726581,0.00030803273,A3.1-A4.1,A3.7-A4.7,A3,A3
105317_cam-np3_frame1473.jpg,0.8498586,0.14745149,0.0020121206,0.00031124413,0.00036658483,A3.1-A4.1,A3.7-A4.7,A3,A3
105317_cam-np3_frame1510.jpg,0.4374883,0.56033814,0.0015244937,0.00045486353,0.00019423405,A3.7-A4.7,A3.1-A4.1,A3,A3
105317_cam-np3_frame1521.jpg,0.34190354,0.6572096,0.00058586133,0.00017384344,0.00012714024,A3.7-A4.7,A3.1-A4.1,A3,A3
105317_cam-np3_frame1525.jpg,0.29117814,0.7078454,0.0006191818,0.00022304174,0.00013425769,A3.7-A4.7,A3.1-A4.1,A3,A3
105317_cam-np3_frame1526.jpg,0.31096485,0.68794745,0.0007045279,0.00024342087,0.00013979677,A3.7-A4.7,A3.1-A4.1,A3,A3
105317_cam-np3_frame1538.jpg,0.5509685,0.44650143,0.0016913778,0.00063101057,0.00020760718,A3.1-A4.1,A3.7-A4.7,A3,A3
105317_cam-np3_frame1539.jpg,0.3857867,0.6117535,0.0013617346,0.0008734217,0.0002246275,A3.7-A4.7,A3.1-A4.1,A3,A3
105317_cam-np3_frame1544.jpg,0.50881153,0.4819362,0.0042853416,0.0044827755,0.00048414987,A3.1-A4.1,A3.7-A4.7,A3,A3
105317_cam-np3_frame1580.jpg,0.8945251,0.10449335,0.0007847179,7.872511e-05,0.000118043645,A3.1-A4.1,A3.7-A4.7,A3,A3
105317_cam-np3_frame1610.jpg,0.6417108,0.3570989,0.0009672033,9.09548e-05,0.00013211892,A3.1-A4.1,A3.7-A4.7,A3,A3
105317_cam-np3_frame1611.jpg,0.68536663,0.31334326,0.0010709425,8.832365e-05,0.00013077325,A3.1-A4.1,A3.7-A4.7,A3,A3
105317_cam-np3_frame1614.jpg,0.5555666,0.44336337,0.0008348067,9.6613316e-05,0.00013858172,A3.1-A4.1,A3.7-A4.7,A3,A3
105317_cam-np3_frame1615.jpg,0.5489146,0.44990095,0.00092559005,0.00011013646,0.00014874812,A3.1-A4.1,A3.7-A4.7,A3,A3
105317_cam-np3_frame1619.jpg,0.37540072,0.62360346,0.0007302983,0.0001252349,0.00014031745,A3.7-A4.7,A3.1-A4.1,A3,A3
105317_cam-np3_frame1622.jpg,0.3787436,0.6194895,0.0013392845,0.00024191572,0.00018580207,A3.7-A4.7,A3.1-A4.1,A3,A3
105317_cam-np3_frame1641.jpg,0.9720448,0.026047574,0.0017797918,6.672405e-05,6.110198e-05,A3.1-A4.1,A3.7-A4.7,A3,A3
105317_cam-np3_frame1646.jpg,0.9837668,0.01325227,0.0028294167,9.1583e-05,5.999805e-05,A3.1-A4.1,A3.7-A4.7,A3,A3
105317_cam-np3_frame1686.jpg,0.44275028,0.5556389,0.0012558738,0.00018832619,0.00016662353,A3.7-A4.7,A3.1-A4.1,A3,A3
105317_cam-np3_frame1691.jpg,0.21351661,0.78598464,0.00028272477,0.000109269145,0.000106739564,A3.7-A4.7,A3.1-A4.1,A3,A3
105317_cam-np3_frame1692.jpg,0.2623619,0.73720115,0.00024381369,8.921222e-05,0.00010398879,A3.7-A4.7,A3.1-A4.1,A3,A3
105317_cam-np3_frame1693.jpg,0.4101225,0.5892071,0.0004366691,0.00010833889,0.00012539925,A3.7-A4.7,A3.1-A4.1,A3,A3
105317_cam-np3_frame1695.jpg,0.36194286,0.63739747,0.00039136992,0.00012228747,0.00014601891,A3.7-A4.7,A3.1-A4.1,A3,A3
105317_cam-np3_frame1696.jpg,0.58060986,0.4186605,0.0005365998,8.267079e-05,0.00011029528,A3.1-A4.1,A3.7-A4.7,A3,A3
105317_cam-np3_frame1698.jpg,0.61283696,0.38641226,0.0005670518,7.8451754e-05,0.000105170846,A3.1-A4.1,A3.7-A4.7,A3,A3
105317_cam-np3_frame1699.jpg,0.58013755,0.41914552,0.00052296097,8.400861e-05,0.0001099101,A3.1-A4.1,A3.7-A4.7,A3,A3
105317_cam-np3_frame1701.jpg,0.5505288,0.4486875,0.000561573,0.00010112118,0.00012099263,A3.1-A4.1,A3.7-A4.7,A3,A3
105317_cam-np3_frame1704.jpg,0.58893377,0.41017628,0.00064669724,0.00011710033,0.0001261468,A3.1-A4.1,A3.7-A4.7,A3,A3
105317_cam-np3_frame1706.jpg,0.6443574,0.35477516,0.0006451453,0.00010580966,0.000116497795,A3.1-A4.1,A3.7-A4.7,A3,A3
105317_cam-np3_frame1708.jpg,0.72914535,0.26989007,0.00076204323,9.299169e-05,0.00010948586,A3.1-A4.1,A3.7-A4.7,A3,A3
105317_cam-np3_frame1710.jpg,0.7976348,0.20136033,0.00080142164,9.584441e-05,0.0001076057,A3.1-A4.1,A3.7-A4.7,A3,A3
105317_cam-np3_frame1712.jpg,0.83300513,0.16600557,0.00080760405,8.446097e-05,9.735871e-05,A3.1-A4.1,A3.7-A4.7,A3,A3
105317_cam-np3_frame1714.jpg,0.8702463,0.12883848,0.00075630046,7.5575284e-05,8.326079e-05,A3.1-A4.1,A3.7-A4.7,A3,A3
105317_cam-np3_frame1718.jpg,0.9067677,0.09225562,0.0008136604,7.78367e-05,8.522835e-05,A3.1-A4.1,A3.7-A4.7,A3,A3
105317_cam-np3_frame1722.jpg,0.7390218,0.26024172,0.00056250225,7.218555e-05,0.00010182347,A3.1-A4.1,A3.7-A4.7,A3,A3
105317_cam-np3_frame1724.jpg,0.8457407,0.15348254,0.00063577463,5.6901972e-05,8.4222156e-05,A3.1-A4.1,A3.7-A4.7,A3,A3
105317_cam-np3_frame1725.jpg,0.8804877,0.11871528,0.0006647635,5.4459444e-05,7.7790246e-05,A3.1-A4.1,A3.7-A4.7,A3,A3
105317_cam-np3_frame1727.jpg,0.9067285,0.092484005,0.0006700624,4.9402122e-05,6.796025e-05,A3.1-A4.1,A3.7-A4.7,A3,A3
105317_cam-np3_frame1728.jpg,0.9077454,0.091479205,0.00066071533,4.7995803e-05,6.662147e-05,A3.1-A4.1,A3.7-A4.7,A3,A3
105317_cam-np3_frame1730.jpg,0.9258068,0.07336206,0.000714755,5.1094754e-05,6.525193e-05,A3.1-A4.1,A3.7-A4.7,A3,A3
105317_cam-np3_frame1734.jpg,0.9561922,0.04268134,0.0010071014,5.968321e-05,5.9775317e-05,A3.1-A4.1,A3.7-A4.7,A3,A3
105317_cam-np3_frame1735.jpg,0.9453422,0.053633716,0.0008902129,6.733291e-05,6.659341e-05,A3.1-A4.1,A3.7-A4.7,A3,A3
105317_cam-np3_frame1738.jpg,0.95223993,0.046397846,0.0011897017,9.77497e-05,7.472384e-05,A3.1-A4.1,A3.7-A4.7,A3,A3
105317_cam-np3_frame1739.jpg,0.9556658,0.042822987,0.0013277193,0.000105889536,7.763063e-05,A3.1-A4.1,A3.7-A4.7,A3,A3
105317_cam-np3_frame1740.jpg,0.9488465,0.04922032,0.001656147,0.00017811124,9.902592e-05,A3.1-A4.1,A3.7-A4.7,A3,A3
105317_cam-np3_frame1741.jpg,0.85248035,0.14403136,0.0026451922,0.00062550075,0.0002176129,A3.1-A4.1,A3.7-A4.7,A3,A3
105317_cam-np3_frame1744.jpg,0.8669343,0.12397339,0.0064769294,0.002235857,0.00037963648,A3.1-A4.1,A3.7-A4.7,A3,A3
105317_cam-np3_frame1745.jpg,0.74041975,0.23701188,0.010618289,0.01104311,0.00090703537,A3.1-A4.1,A3.7-A4.7,A3,A3
105317_cam-np3_frame1761.jpg,0.6345995,0.36422336,0.00095684093,9.8215045e-05,0.00012200744,A3.1-A4.1,A3.7-A4.7,A3,A3
105317_cam-np3_frame1763.jpg,0.51740277,0.48174217,0.00063891435,8.9315996e-05,0.00012676023,A3.1-A4.1,A3.7-A4.7,A3,A3
105317_cam-np3_frame1767.jpg,0.6796093,0.31938988,0.000816294,7.647613e-05,0.00010799292,A3.1-A4.1,A3.7-A4.7,A3,A3
105317_cam-np3_frame1768.jpg,0.67333853,0.32548106,0.0009815092,8.512461e-05,0.00011383058,A3.1-A4.1,A3.7-A4.7,A3,A3
105317_cam-np3_frame1770.jpg,0.6278013,0.3709997,0.0009783646,9.950898e-05,0.000121182995,A3.1-A4.1,A3.7-A4.7,A3,A3
105317_cam-np3_frame1787.jpg,0.9775004,0.020136494,0.0022742772,4.2113912e-05,4.670458e-05,A3.1-A4.1,A3.7-A4.7,A3,A3
105317_cam-np3_frame1789.jpg,0.9824796,0.014854669,0.0025816879,4.185189e-05,4.2317937e-05,A3.1-A4.1,A3.7-A4.7,A3,A3
105317_cam-np3_frame1799.jpg,0.97818345,0.01990931,0.0018319489,3.3912867e-05,4.143374e-05,A3.1-A4.1,A3.7-A4.7,A3,A3
105317_cam-np3_frame1808.jpg,0.9803403,0.017554862,0.001990721,5.7809793e-05,5.634653e-05,A3.1-A4.1,A3.7-A4.7,A3,A3
105317_cam-np3_frame1809.jpg,0.9841622,0.012875071,0.002845106,6.2143175e-05,5.5442433e-05,A3.1-A4.1,A3.7-A4.7,A3,A3
105317_cam-np3_frame1817.jpg,0.965229,0.032171365,0.002333436,0.00016278772,0.000103457394,A3.1-A4.1,A3.7-A4.7,A3,A3
105317_cam-np3_frame1867.jpg,0.95070624,0.04750302,0.0016708956,5.2866842e-05,6.703044e-05,A3.1-A4.1,A3.7-A4.7,A3,A3
105317_cam-np3_frame1870.jpg,0.9553356,0.043396253,0.0011798281,3.7811376e-05,5.0484858e-05,A3.1-A4.1,A3.7-A4.7,A3,A3
105317_cam-np3_frame1874.jpg,0.9515863,0.046986777,0.0013327299,3.988674e-05,5.4316577e-05,A3.1-A4.1,A3.7-A4.7,A3,A3
105317_cam-np3_frame1877.jpg,0.9525749,0.044436526,0.0028371923,7.2158284e-05,7.923208e-05,A3.1-A4.1,A3.7-A4.7,A3,A3
105317_cam-np3_frame1878.jpg,0.95493627,0.041944947,0.0029647825,7.554497e-05,7.840362e-05,A3.1-A4.1,A3.7-A4.7,A3,A3
105317_cam-np3_frame1880.jpg,0.9639724,0.034204967,0.0017151436,4.91713e-05,5.8406513e-05,A3.1-A4.1,A3.7-A4.7,A3,A3
105317_cam-np3_frame1883.jpg,0.97746515,0.0197079,0.0027136884,5.8287333e-05,5.503487e-05,A3.1-A4.1,A3.7-A4.7,A3,A3
105317_cam-np3_frame1886.jpg,0.9750289,0.022364141,0.0024622667,7.945485e-05,6.5227454e-05,A3.1-A4.1,A3.7-A4.7,A3,A3
105317_cam-np3_frame1888.jpg,0.9795558,0.018819435,0.0015216161,5.306734e-05,5.0040922e-05,A3.1-A4.1,A3.7-A4.7,A3,A3
105317_cam-np3_frame1891.jpg,0.97670174,0.02029549,0.0027926546,0.00012594156,8.41629e-05,A3.1-A4.1,A3.7-A4.7,A3,A3
105317_cam-np3_frame1895.jpg,0.9670565,0.03149008,0.0013245167,6.7268484e-05,6.153401e-05,A3.1-A4.1,A3.7-A4.7,A3,A3
105317_cam-np3_frame1896.jpg,0.9741788,0.024048256,0.0016391636,7.246271e-05,6.1303836e-05,A3.1-A4.1,A3.7-A4.7,A3,A3
105317_cam-np3_frame1906.jpg,0.8451196,0.15350372,0.0010433155,0.0002112534,0.00012211515,A3.1-A4.1,A3.7-A4.7,A3,A3
105317_cam-np3_frame1909.jpg,0.8275319,0.1705082,0.0014196672,0.00037928432,0.00016092519,A3.1-A4.1,A3.7-A4.7,A3,A3
105317_cam-np3_frame1915.jpg,0.79983747,0.19853169,0.0014255637,0.000100784964,0.00010447925,A3.1-A4.1,A3.7-A4.7,A3,A3
105317_cam-np3_frame1923.jpg,0.771187,0.22788331,0.0007595256,7.159859e-05,9.853073e-05,A3.1-A4.1,A3.7-A4.7,A3,A3
105317_cam-np3_frame1944.jpg,0.9017798,0.0969095,0.0011391743,8.0030964e-05,9.157902e-05,A3.1-A4.1,A3.7-A4.7,A3,A3
105317_cam-np3_frame1952.jpg,0.9711131,0.027159024,0.0015995211,6.973591e-05,5.872789e-05,A3.1-A4.1,A3.7-A4.7,A3,A3
105317_cam-np3_frame1963.jpg,0.904914,0.09421923,0.0007239308,6.8793845e-05,7.396173e-05,A3.1-A4.1,A3.7-A4.7,A3,A3
105317_cam-np3_frame1983.jpg,0.71721524,0.27829126,0.0026862144,0.0014981107,0.00030924194,A3.1-A4.1,A3.7-A4.7,A3,A3
105317_cam-np3_frame280.jpg,0.29062515,0.19682732,0.039937157,0.46819487,0.004415494,A5.2,A3.1-A4.1,A5,A3
105317_cam-np3_frame764.jpg,0.35396743,0.01022555,0.3318698,0.1450787,0.15885846,A3.1-A4.1,A5.1,A3,A5
105317_cam-np3_frame814.jpg,0.35391414,0.0077376473,0.34955874,0.13897012,0.14981931,A3.1-A4.1,A5.1,A3,A5
105317_cam-np3_frame815.jpg,0.35958418,0.008089934,0.3452018,0.1391652,0.14795883,A3.1-A4.1,A5.1,A3,A5
105317_cam-np3_frame818.jpg,0.33873874,0.00844311,0.34825045,0.14219522,0.16237248,A5.1,A3.1-A4.1,A5,A3
105317_cam-np3_frame848.jpg,0.37568584,0.008309045,0.33787566,0.13901396,0.13911548,A3.1-A4.1,A5.1,A3,A5
105317_cam-np3_frame887.jpg,0.30081126,0.010951428,0.33008042,0.14736372,0.2107932,A5.1,A3.1-A4.1,A5,A3
113610_cam_survey_1_frame1015.jpg,0.96828854,0.028361324,0.0031314585,0.00015213511,6.6445544e-05,A3.1-A4.1,A3.7-A4.7,A3,A3
113610_cam_survey_1_frame1029.jpg,0.93236095,0.065384865,0.0020288962,0.00012350891,0.000101722755,A3.1-A4.1,A3.7-A4.7,A3,A3
113610_cam_survey_1_frame1045.jpg,0.95317096,0.041620646,0.0049135084,0.00018563186,0.000109273344,A3.1-A4.1,A3.7-A4.7,A3,A3
113610_cam_survey_1_frame1060.jpg,0.9721066,0.020522928,0.0070943213,0.00018818033,8.7925655e-05,A3.1-A4.1,A3.7-A4.7,A3,A3
113610_cam_survey_1_frame1077.jpg,0.92188627,0.076390505,0.0015309079,0.00010891248,8.354035e-05,A3.1-A4.1,A3.7-A4.7,A3,A3
113610_cam_survey_1_frame1081.jpg,0.93642205,0.06226825,0.0011597084,8.413274e-05,6.5825094e-05,A3.1-A4.1,A3.7-A4.7,A3,A3
113610_cam_survey_1_frame1089.jpg,0.97432464,0.023391787,0.002110291,0.000110891364,6.237901e-05,A3.1-A4.1,A3.7-A4.7,A3,A3
113610_cam_survey_1_frame1090.jpg,0.9835808,0.011718397,0.004495107,0.00014433716,6.128511e-05,A3.1-A4.1,A3.7-A4.7,A3,A3
113610_cam_survey_1_frame1102.jpg,0.75136966,0.24721697,0.001109808,0.00016587683,0.00013777244,A3.1-A4.1,A3.7-A4.7,A3,A3
113610_cam_survey_1_frame1109.jpg,0.9879,0.006862543,0.005117516,7.766986e-05,4.2268617e-05,A3.1-A4.1,A3.7-A4.7,A3,A3
113610_cam_survey_1_frame1111.jpg,0.9825446,0.008735845,0.008486011,0.00016043017,7.315185e-05,A3.1-A4.1,A3.7-A4.7,A3,A3
113610_cam_survey_1_frame1112.jpg,0.93426776,0.063347675,0.0021756787,0.000119019016,8.9877634e-05,A3.1-A4.1,A3.7-A4.7,A3,A3
113610_cam_survey_1_frame1113.jpg,0.93091166,0.06619607,0.0026600168,0.00013687705,9.543089e-05,A3.1-A4.1,A3.7-A4.7,A3,A3
113610_cam_survey_1_frame1114.jpg,0.91522485,0.08329824,0.0013181027,8.400969e-05,7.489756e-05,A3.1-A4.1,A3.7-A4.7,A3,A3
113610_cam_survey_1_frame1117.jpg,0.83944,0.15834486,0.0019327105,0.00015218815,0.00013015245,A3.1-A4.1,A3.7-A4.7,A3,A3
113610_cam_survey_1_frame1118.jpg,0.76431924,0.23367923,0.0016801358,0.00017685792,0.00014454269,A3.1-A4.1,A3.7-A4.7,A3,A3
113610_cam_survey_1_frame1119.jpg,0.8452583,0.15260969,0.0018666852,0.00013779453,0.00012757383,A3.1-A4.1,A3.7-A4.7,A3,A3
113610_cam_survey_1_frame1124.jpg,0.9703701,0.026726756,0.0026828994,0.0001355048,8.480151e-05,A3.1-A4.1,A3.7-A4.7,A3,A3
113610_cam_survey_1_frame1125.jpg,0.968188,0.028375015,0.0031734111,0.00016582383,9.772715e-05,A3.1-A4.1,A3.7-A4.7,A3,A3
113610_cam_survey_1_frame1126.jpg,0.97470766,0.023494944,0.0016622647,7.3728115e-05,6.146348e-05,A3.1-A4.1,A3.7-A4.7,A3,A3
113610_cam_survey_1_frame1127.jpg,0.96680194,0.031842135,0.0012254122,6.89394e-05,6.151969e-05,A3.1-A4.1,A3.7-A4.7,A3,A3
113610_cam_survey_1_frame1128.jpg,0.9685777,0.030002944,0.0012762912,7.7835255e-05,6.526274e-05,A3.1-A4.1,A3.7-A4.7,A3,A3
113610_cam_survey_1_frame1132.jpg,0.846575,0.15250978,0.0007354168,9.3188275e-05,8.653559e-05,A3.1-A4.1,A3.7-A4.7,A3,A3
113610_cam_survey_1_frame1134.jpg,0.44413918,0.555219,0.00043086972,0.00011036404,0.00010060909,A3.7-A4.7,A3.1-A4.1,A3,A3
113610_cam_survey_1_frame1135.jpg,0.44268134,0.5562231,0.00078156905,0.00018878379,0.00012528322,A3.7-A4.7,A3.1-A4.1,A3,A3
113610_cam_survey_1_frame1137.jpg,0.4220523,0.5768139,0.0007737581,0.00022722622,0.00013285512,A3.7-A4.7,A3.1-A4.1,A3,A3
113610_cam_survey_1_frame1140.jpg,0.59802926,0.40107664,0.00057916006,0.0001807251,0.00013421156,A3.1-A4.1,A3.7-A4.7,A3,A3
113610_cam_survey_1_frame1143.jpg,0.7000496,0.29836452,0.0010001286,0.00040015313,0.00018571972,A3.1-A4.1,A3.7-A4.7,A3,A3
113610_cam_survey_1_frame1144.jpg,0.8266471,0.1725596,0.00055283506,0.00013656571,0.00010383231,A3.1-A4.1,A3.7-A4.7,A3,A3
113610_cam_survey_1_frame1146.jpg,0.7318066,0.26746362,0.00047229268,0.00014604277,0.000111524074,A3.1-A4.1,A3.7-A4.7,A3,A3
113610_cam_survey_1_frame1149.jpg,0.9110533,0.05956383,0.028743077,0.0004896403,0.00015013138,A3.1-A4.1,A3.7-A4.7,A3,A3
113610_cam_survey_1_frame1152.jpg,0.7595479,0.14609143,0.09230133,0.0017095476,0.00034975872,A3.1-A4.1,A3.7-A4.7,A3,A3
113610_cam_survey_1_frame1153.jpg,0.76951003,0.029243182,0.2000164,0.0010153527,0.00021501443,A3.1-A4.1,A5.1,A3,A5
113610_cam_survey_1_frame1155.jpg,0.7537106,0.027660478,0.21756673,0.0008494894,0.0002127144,A3.1-A4.1,A5.1,A3,A5
113610_cam_survey_1_frame1157.jpg,0.84049463,0.00725069,0.1517624,0.00038689008,0.000105408966,A3.1-A4.1,A5.1,A3,A5
113610_cam_survey_1_frame1158.jpg,0.91188323,0.008221088,0.07953188,0.00027804775,8.5775886e-05,A3.1-A4.1,A5.1,A3,A5
113610_cam_survey_1_frame1163.jpg,0.9517517,0.040917605,0.0070184725,0.00020117055,0.00011103105,A3.1-A4.1,A3.7-A4.7,A3,A3
113610_cam_survey_1_frame1165.jpg,0.9300242,0.053684648,0.015744116,0.000388498,0.00015850566,A3.1-A4.1,A3.7-A4.7,A3,A3
113610_cam_survey_1_frame1179.jpg,0.37518987,0.0013543816,0.62307286,0.0003308091,5.206504e-05,A5.1,A3.1-A4.1,A5,A3
113610_cam_survey_1_frame1186.jpg,0.16851974,0.0009893754,0.83005935,0.0003819015,4.9529233e-05,A5.1,A3.1-A4.1,A5,A3
113610_cam_survey_1_frame1206.jpg,0.8965388,0.016868243,0.08606173,0.000401208,0.00013002656,A3.1-A4.1,A5.1,A3,A5
113610_cam_survey_1_frame1217.jpg,0.9612445,0.0050555696,0.033452164,0.00018323194,6.456728e-05,A3.1-A4.1,A5.1,A3,A5
113610_cam_survey_1_frame1240.jpg,0.9726342,0.01557331,0.011634779,9.888264e-05,5.8942394e-05,A3.1-A4.1,A3.7-A4.7,A3,A3
113610_cam_survey_1_frame1244.jpg,0.7652492,0.23242052,0.002074109,0.00013732525,0.00011873215,A3.1-A4.1,A3.7-A4.7,A3,A3
113610_cam_survey_1_frame1260.jpg,0.93061405,0.03084204,0.03810983,0.00031418586,0.00011990861,A3.1-A4.1,A5.1,A3,A5
113610_cam_survey_1_frame1267.jpg,0.94947386,0.04564455,0.0046868883,0.000114671995,7.9987185e-05,A3.1-A4.1,A3.7-A4.7,A3,A3
113610_cam_survey_1_frame1271.jpg,0.81553143,0.18177636,0.0024157728,0.00016795745,0.000108529326,A3.1-A4.1,A3.7-A4.7,A3,A3
113610_cam_survey_1_frame1273.jpg,0.83593404,0.16150418,0.0023124753,0.00015171753,9.769181e-05,A3.1-A4.1,A3.7-A4.7,A3,A3
113610_cam_survey_1_frame1275.jpg,0.8461459,0.15192866,0.00173263,0.000106600324,8.615469e-05,A3.1-A4.1,A3.7-A4.7,A3,A3
113610_cam_survey_1_frame1278.jpg,0.7261155,0.27216315,0.0015061225,0.00011841289,9.674723e-05,A3.1-A4.1,A3.7-A4.7,A3,A3
113610_cam_survey_1_frame1281.jpg,0.77725935,0.22140726,0.0011812808,7.59068e-05,7.621799e-05,A3.1-A4.1,A3.7-A4.7,A3,A3
113610_cam_survey_1_frame1282.jpg,0.73905766,0.2595826,0.0011871615,8.841127e-05,8.4265004e-05,A3.1-A4.1,A3.7-A4.7,A3,A3
113610_cam_survey_1_frame1289.jpg,0.9446718,0.05386025,0.0013634579,4.956941e-05,5.4816977e-05,A3.1-A4.1,A3.7-A4.7,A3,A3
113610_cam_survey_1_frame129.jpg,0.57615054,0.42135957,0.00214329,0.0001925018,0.00015405563,A3.1-A4.1,A3.7-A4.7,A3,A3
113610_cam_survey_1_frame1294.jpg,0.67095464,0.32803354,0.00082239375,9.5701886e-05,9.375914e-05,A3.1-A4.1,A3.7-A4.7,A3,A3
113610_cam_survey_1_frame132.jpg,0.488793,0.50933665,0.0015556022,0.0001798288,0.00013495209,A3.7-A4.7,A3.1-A4.1,A3,A3
113610_cam_survey_1_frame133.jpg,0.42019692,0.5784181,0.0010998528,0.00016444127,0.00012075367,A3.7-A4.7,A3.1-A4.1,A3,A3
113610_cam_survey_1_frame134.jpg,0.49305186,0.5054917,0.0011806191,0.00015699361,0.00011883388,A3.7-A4.7,A3.1-A4.1,A3,A3
113610_cam_survey_1_frame1407.jpg,0.82000685,0.17924087,0.00058469456,9.0203845e-05,7.741606e-05,A3.1-A4.1,A3.7-A4.7,A3,A3
113610_cam_survey_1_frame1411.jpg,0.12864394,0.87114114,0.00010776716,5.3463264e-05,5.366616e-05,A3.7-A4.7,A3.1-A4.1,A3,A3
113610_cam_survey_1_frame1420.jpg,0.9144355,0.08508191,0.00040168947,2.626478e-05,5.4665747e-05,A3.1-A4.1,A3.7-A4.7,A3,A3
113610_cam_survey_1_frame1423.jpg,0.89165723,0.10784676,0.00040327566,2.9620107e-05,6.303867e-05,A3.1-A4.1,A3.7-A4.7,A3,A3
113610_cam_survey_1_frame1425.jpg,0.87450886,0.12507607,0.00033544836,2.5274998e-05,5.4415606e-05,A3.1-A4.1,A3.7-A4.7,A3,A3
113610_cam_survey_1_frame1432.jpg,0.8968605,0.102709174,0.00035284332,2.6662206e-05,5.0788e-05,A3.1-A4.1,A3.7-A4.7,A3,A3
113610_cam_survey_1_frame1434.jpg,0.91647077,0.08314189,0.00032352473,2.1675321e-05,4.219946e-05,A3.1-A4.1,A3.7-A4.7,A3,A3
113610_cam_survey_1_frame1440.jpg,0.93044406,0.06918447,0.0003136736,1.8142178e-05,3.9646802e-05,A3.1-A4.1,A3.7-A4.7,A3,A3
113610_cam_survey_1_frame1444.jpg,0.8680612,0.13156675,0.00028925933,2.6227839e-05,5.6640998e-05,A3.1-A4.1,A3.7-A4.7,A3,A3
113610_cam_survey_1_frame1458.jpg,0.7720945,0.22722417,0.00046140305,7.2962655e-05,0.00014695003,A3.1-A4.1,A3.7-A4.7,A3,A3
113610_cam_survey_1_frame1521.jpg,0.2622841,0.73666453,0.00044115644,0.00044918395,0.00016093592,A3.7-A4.7,A3.1-A4.1,A3,A3
113610_cam_survey_1_frame1522.jpg,0.362561,0.6346248,0.0010674425,0.0014455974,0.0003011737,A3.7-A4.7,A3.1-A4.1,A3,A3
113610_cam_survey_1_frame1525.jpg,0.48432487,0.51322824,0.0012205199,0.00096608634,0.00026024337,A3.7-A4.7,A3.1-A4.1,A3,A3
113610_cam_survey_1_frame1528.jpg,0.53816545,0.46008295,0.001003107,0.0005426121,0.00020577741,A3.1-A4.1,A3.7-A4.7,A3,A3
113610_cam_survey_1_frame1532.jpg,0.6304005,0.36688918,0.0015621297,0.00093179627,0.000216462,A3.1-A4.1,A3.7-A4.7,A3,A3
113610_cam_survey_1_frame1588.jpg,0.0021572746,0.00014328174,0.98981434,0.007801546,8.354058e-05,A5.1,A5.2,A5,A5
113610_cam_survey_1_frame1589.jpg,0.0028185388,0.00018942408,0.98923755,0.007665548,8.893875e-05,A5.1,A5.2,A5,A5
113610_cam_survey_1_frame1590.jpg,0.0019395426,0.00015758032,0.9887305,0.009092555,7.9922655e-05,A5.1,A5.2,A5,A5
113610_cam_survey_1_frame1593.jpg,0.0047302623,0.0003892188,0.98136973,0.013368837,0.00014185612,A5.1,A5.2,A5,A5
113610_cam_survey_1_frame1595.jpg,0.0061600194,0.00052766775,0.9747645,0.018352374,0.0001955009,A5.1,A5.2,A5,A5
113610_cam_survey_1_frame1618.jpg,0.006966857,0.00016350848,0.9905873,0.002224833,5.756e-05,A5.1,A3.1-A4.1,A5,A3
113610_cam_survey_1_frame1621.jpg,0.004678795,0.00014839903,0.99111277,0.003988235,7.166274e-05,A5.1,A3.1-A4.1,A5,A3
113610_cam_survey_1_frame1623.jpg,0.004267559,0.00011636848,0.9921814,0.0033733037,6.135885e-05,A5.1,A3.1-A4.1,A5,A3
113610_cam_survey_1_frame1629.jpg,0.017369213,0.00032403166,0.97728014,0.00490717,0.00011947501,A5.1,A3.1-A4.1,A5,A3
113610_cam_survey_1_frame163.jpg,0.066207066,0.9335812,9.690678e-05,6.693736e-05,4.7890466e-05,A3.7-A4.7,A3.1-A4.1,A3,A3
113610_cam_survey_1_frame1677.jpg,0.0017450431,5.966163e-05,0.99713206,0.0010443089,1.8902767e-05,A5.1,A3.1-A4.1,A5,A3
113610_cam_survey_1_frame1685.jpg,0.0016319326,4.1830855e-05,0.9974554,0.0008540773,1.6762695e-05,A5.1,A3.1-A4.1,A5,A3
113610_cam_survey_1_frame169.jpg,0.20819193,0.7913692,0.00025665338,0.000103225415,7.899342e-05,A3.7-A4.7,A3.1-A4.1,A3,A3
113610_cam_survey_1_frame170.jpg,0.23317818,0.76641536,0.00024009583,9.033232e-05,7.5931835e-05,A3.7-A4.7,A3.1-A4.1,A3,A3
113610_cam_survey_1_frame1713.jpg,0.19738708,0.008879317,0.73241234,0.060214285,0.0011070317,A5.1,A3.1-A4.1,A5,A3
113610_cam_survey_1_frame1754.jpg,0.0013849278,6.5593835e-05,0.9937935,0.0047069443,4.9097307e-05,A5.1,A5.2,A5,A5
113610_cam_survey_1_frame1903.jpg,0.4196029,0.005144136,0.5736313,0.0014594237,0.00016225835,A5.1,A3.1-A4.1,A5,A3
113610_cam_survey_1_frame1911.jpg,0.82475185,0.0051091956,0.16877201,0.0011955558,0.00017138396,A3.1-A4.1,A5.1,A3,A5
113610_cam_survey_1_frame1912.jpg,0.9453457,0.015290767,0.038706876,0.0005397954,0.000116866926,A3.1-A4.1,A5.1,A3,A5
113610_cam_survey_1_frame1968.jpg,0.90328413,0.07576207,0.020331556,0.00048349056,0.00013882905,A3.1-A4.1,A3.7-A4.7,A3,A3
113610_cam_survey_1_frame2031.jpg,0.8904395,0.095015556,0.011405812,0.0027604424,0.00037858312,A3.1-A4.1,A3.7-A4.7,A3,A3
113610_cam_survey_1_frame2036.jpg,0.91411376,0.07560525,0.008028653,0.0019318789,0.00032052057,A3.1-A4.1,A3.7-A4.7,A3,A3
113610_cam_survey_1_frame2050.jpg,0.892738,0.082373805,0.014472619,0.009835615,0.0005800053,A3.1-A4.1,A3.7-A4.7,A3,A3
113610_cam_survey_1_frame2051.jpg,0.8739123,0.08532849,0.02132152,0.018635198,0.00080253487,A3.1-A4.1,A3.7-A4.7,A3,A3
113610_cam_survey_1_frame2052.jpg,0.8700382,0.104652345,0.012939833,0.011734118,0.00063544686,A3.1-A4.1,A3.7-A4.7,A3,A3
113610_cam_survey_1_frame231.jpg,0.84529775,0.15360916,0.0009138343,8.684112e-05,9.24099e-05,A3.1-A4.1,A3.7-A4.7,A3,A3
113610_cam_survey_1_frame232.jpg,0.8562952,0.1424793,0.0010298179,9.9607445e-05,9.6059215e-05,A3.1-A4.1,A3.7-A4.7,A3,A3
113610_cam_survey_1_frame2502.jpg,0.29348445,0.09625403,0.059931513,0.21616957,0.33416045,A5.4,A3.1-A4.1,A5,A3
113610_cam_survey_1_frame2648.jpg,0.90258396,0.09633526,0.0009002641,7.66262e-05,0.00010397934,A3.1-A4.1,A3.7-A4.7,A3,A3
113610_cam_survey_1_frame2655.jpg,0.91980636,0.07699483,0.0028825682,0.00015716854,0.00015911266,A3.1-A4.1,A3.7-A4.7,A3,A3
113610_cam_survey_1_frame2659.jpg,0.9360216,0.060950566,0.0027274818,0.0001370968,0.00016323118,A3.1-A4.1,A3.7-A4.7,A3,A3
113610_cam_survey_1_frame2686.jpg,0.8106157,0.18846399,0.00077590183,6.565097e-05,7.877492e-05,A3.1-A4.1,A3.7-A4.7,A3,A3
113610_cam_survey_1_frame2688.jpg,0.8941814,0.104964115,0.00073688535,5.111867e-05,6.636681e-05,A3.1-A4.1,A3.7-A4.7,A3,A3
113610_cam_survey_1_frame2702.jpg,0.8299826,0.16882336,0.0010045705,0.00010570299,8.379668e-05,A3.1-A4.1,A3.7-A4.7,A3,A3
113610_cam_survey_1_frame2830.jpg,0.9566314,0.037554655,0.0055762865,0.00015620024,8.1368766e-05,A3.1-A4.1,A3.7-A4.7,A3,A3
113610_cam_survey_1_frame2836.jpg,0.8172592,0.17891553,0.003528745,0.0001784709,0.00011807179,A3.1-A4.1,A3.7-A4.7,A3,A3
113610_cam_survey_1_frame2855.jpg,0.7938946,0.018454662,0.18570785,0.0017637685,0.00017919888,A3.1-A4.1,A5.1,A3,A5
113610_cam_survey_1_frame2872.jpg,0.9374569,0.009332986,0.052876115,0.00025071186,8.331077e-05,A3.1-A4.1,A5.1,A3,A5
113610_cam_survey_1_frame2887.jpg,0.97624785,0.010349121,0.013040188,0.00027854505,8.427194e-05,A3.1-A4.1,A5.1,A3,A5
113610_cam_survey_1_frame2905.jpg,0.9222744,0.074683145,0.0025908942,0.00033279622,0.00011865038,A3.1-A4.1,A3.7-A4.7,A3,A3
113610_cam_survey_1_frame2921.jpg,0.77944624,0.21640393,0.002817725,0.0010433022,0.00028878084,A3.1-A4.1,A3.7-A4.7,A3,A3
113610_cam_survey_1_frame2924.jpg,0.9151464,0.06766105,0.013953211,0.002801929,0.00043741078,A3.1-A4.1,A3.7-A4.7,A3,A3
113610_cam_survey_1_frame2932.jpg,0.8847864,0.10984127,0.0039701164,0.0010707723,0.00033140922,A3.1-A4.1,A3.7-A4.7,A3,A3
113610_cam_survey_1_frame2935.jpg,0.72178763,0.276537,0.0010453938,0.00039231553,0.00023764027,A3.1-A4.1,A3.7-A4.7,A3,A3
113610_cam_survey_1_frame2936.jpg,0.8838947,0.10765047,0.0061792564,0.0018312985,0.00044418997,A3.1-A4.1,A3.7-A4.7,A3,A3
113610_cam_survey_1_frame2941.jpg,0.9285994,0.0575731,0.011352124,0.0020969983,0.00037836318,A3.1-A4.1,A3.7-A4.7,A3,A3
113610_cam_survey_1_frame2942.jpg,0.89450985,0.102290854,0.002562844,0.0004532604,0.00018305272,A3.1-A4.1,A3.7-A4.7,A3,A3
113610_cam_survey_1_frame2943.jpg,0.8982378,0.096461095,0.004258507,0.00081026717,0.00023235207,A3.1-A4.1,A3.7-A4.7,A3,A3
113610_cam_survey_1_frame2947.jpg,0.935764,0.034700554,0.026138276,0.0030286515,0.0003685823,A3.1-A4.1,A3.7-A4.7,A3,A3
113610_cam_survey_1_frame2949.jpg,0.932538,0.062039517,0.0047435923,0.00051435403,0.00016447536,A3.1-A4.1,A3.7-A4.7,A3,A3
113610_cam_survey_1_frame2955.jpg,0.9326623,0.06278766,0.003987927,0.00042139064,0.00014065449,A3.1-A4.1,A3.7-A4.7,A3,A3
113610_cam_survey_1_frame2967.jpg,0.93512565,0.054943345,0.0080066,0.0016594207,0.000264941,A3.1-A4.1,A3.7-A4.7,A3,A3
113610_cam_survey_1_frame2994.jpg,0.81616265,0.18254504,0.0008092688,0.00024023287,0.00024274197,A3.1-A4.1,A3.7-A4.7,A3,A3
113610_cam_survey_1_frame306.jpg,0.9209432,0.074379094,0.004349551,0.0002089053,0.00011924801,A3.1-A4.1,A3.7-A4.7,A3,A3
113610_cam_survey_1_frame307.jpg,0.92559445,0.07175026,0.0024271638,0.00012630854,0.00010188842,A3.1-A4.1,A3.7-A4.7,A3,A3
113610_cam_survey_1_frame336.jpg,0.88300717,0.11446359,0.002202973,0.00021724137,0.00010900146,A3.1-A4.1,A3.7-A4.7,A3,A3
113610_cam_survey_1_frame343.jpg,0.9016082,0.09643604,0.0016742855,0.00017427016,0.000107158296,A3.1-A4.1,A3.7-A4.7,A3,A3
113610_cam_survey_1_frame344.jpg,0.89779174,0.09998593,0.001897757,0.00020625108,0.00011828167,A3.1-A4.1,A3.7-A4.7,A3,A3
113610_cam_survey_1_frame362.jpg,0.7683958,0.23060578,0.00073836115,0.00014894702,0.00011107388,A3.1-A4.1,A3.7-A4.7,A3,A3
113610_cam_survey_1_frame365.jpg,0.858339,0.14081316,0.0006345905,0.00012267378,9.05763e-05,A3.1-A4.1,A3.7-A4.7,A3,A3
113610_cam_survey_1_frame371.jpg,0.8824375,0.116555594,0.00076052506,0.00015522746,9.123889e-05,A3.1-A4.1,A3.7-A4.7,A3,A3
113610_cam_survey_1_frame372.jpg,0.93108714,0.06786288,0.0008361072,0.00013425028,7.974345e-05,A3.1-A4.1,A3.7-A4.7,A3,A3
113610_cam_survey_1_frame374.jpg,0.94464487,0.05391821,0.0011458492,0.00019682304,9.423834e-05,A3.1-A4.1,A3.7-A4.7,A3,A3
113610_cam_survey_1_frame376.jpg,0.9283226,0.07038373,0.000987798,0.00020539165,0.00010049455,A3.1-A4.1,A3.7-A4.7,A3,A3
113610_cam_survey_1_frame378.jpg,0.52898496,0.4701815,0.00048208074,0.00023082536,0.00012071976,A3.1-A4.1,A3.7-A4.7,A3,A3
113610_cam_survey_1_frame383.jpg,0.9057559,0.09327068,0.00074989814,0.00014397515,7.953649e-05,A3.1-A4.1,A3.7-A4.7,A3,A3
113610_cam_survey_1_frame416.jpg,0.11535675,0.8843989,0.00011239822,7.272701e-05,5.929859e-05,A3.7-A4.7,A3.1-A4.1,A3,A3
113610_cam_survey_1_frame422.jpg,0.26362923,0.73604894,0.00017112734,7.614412e-05,7.449504e-05,A3.7-A4.7,A3.1-A4.1,A3,A3
113610_cam_survey_1_frame423.jpg,0.32488057,0.674775,0.00019156357,7.432257e-05,7.855569e-05,A3.7-A4.7,A3.1-A4.1,A3,A3
113610_cam_survey_1_frame442.jpg,0.6360952,0.36332583,0.00038219086,9.9583325e-05,9.722417e-05,A3.1-A4.1,A3.7-A4.7,A3,A3
113610_cam_survey_1_frame445.jpg,0.7059416,0.29305792,0.000676326,0.00019385558,0.0001303374,A3.1-A4.1,A3.7-A4.7,A3,A3
113610_cam_survey_1_frame490.jpg,0.14631957,0.8532267,0.00024301645,0.00012600087,8.4595566e-05,A3.7-A4.7,A3.1-A4.1,A3,A3
113610_cam_survey_1_frame497.jpg,0.24766083,0.7518585,0.00028280646,0.00010997949,8.799995e-05,A3.7-A4.7,A3.1-A4.1,A3,A3
113610_cam_survey_1_frame500.jpg,0.1634841,0.8361215,0.000198334,0.00010690688,8.920078e-05,A3.7-A4.7,A3.1-A4.1,A3,A3
113610_cam_survey_1_frame501.jpg,0.21903469,0.78045475,0.0002790661,0.00012761726,0.00010384702,A3.7-A4.7,A3.1-A4.1,A3,A3
113610_cam_survey_1_frame511.jpg,0.5293347,0.46993098,0.00050807523,0.00011555956,0.00011059597,A3.1-A4.1,A3.7-A4.7,A3,A3
113610_cam_survey_1_frame515.jpg,0.6072334,0.39211994,0.0004526793,9.831005e-05,9.559492e-05,A3.1-A4.1,A3.7-A4.7,A3,A3
113610_cam_survey_1_frame519.jpg,0.7111152,0.28815457,0.00050237885,0.00012512135,0.000102746875,A3.1-A4.1,A3.7-A4.7,A3,A3
113610_cam_survey_1_frame522.jpg,0.72816944,0.27100483,0.00057807076,0.00014313564,0.00010453449,A3.1-A4.1,A3.7-A4.7,A3,A3
113610_cam_survey_1_frame523.jpg,0.6061365,0.39299637,0.00055661023,0.00018980651,0.00012064766,A3.1-A4.1,A3.7-A4.7,A3,A3
113610_cam_survey_1_frame526.jpg,0.23094185,0.7683382,0.00030755321,0.0002586411,0.00015379743,A3.7-A4.7,A3.1-A4.1,A3,A3
113610_cam_survey_1_frame527.jpg,0.1852345,0.81419295,0.0002352537,0.00020494667,0.000132423,A3.7-A4.7,A3.1-A4.1,A3,A3
113610_cam_survey_1_frame531.jpg,0.1928303,0.8065752,0.00024005731,0.00021323854,0.00014123767,A3.7-A4.7,A3.1-A4.1,A3,A3
113610_cam_survey_1_frame532.jpg,0.18082492,0.81859285,0.0002308171,0.0002160651,0.00013533742,A3.7-A4.7,A3.1-A4.1,A3,A3
113610_cam_survey_1_frame539.jpg,0.18307069,0.816358,0.00024472628,0.00022133272,0.000105253166,A3.7-A4.7,A3.1-A4.1,A3,A3
113610_cam_survey_1_frame541.jpg,0.17762753,0.82120353,0.00038508838,0.0006061235,0.00017779945,A3.7-A4.7,A3.1-A4.1,A3,A3
113610_cam_survey_1_frame542.jpg,0.20843726,0.790104,0.00049536675,0.0007720536,0.0001914333,A3.7-A4.7,A3.1-A4.1,A3,A3
113610_cam_survey_1_frame556.jpg,0.8990596,0.09662257,0.0039053326,0.00031653896,9.5903015e-05,A3.1-A4.1,A3.7-A4.7,A3,A3
113610_cam_survey_1_frame559.jpg,0.97724265,0.020457977,0.0021905368,6.995356e-05,3.8932085e-05,A3.1-A4.1,A3.7-A4.7,A3,A3
113610_cam_survey_1_frame569.jpg,0.9419143,0.056762703,0.0011741437,8.4236475e-05,6.4562155e-05,A3.1-A4.1,A3.7-A4.7,A3,A3
113610_cam_survey_1_frame585.jpg,0.93672055,0.0612594,0.0017885118,0.00014349021,8.795219e-05,A3.1-A4.1,A3.7-A4.7,A3,A3
113610_cam_survey_1_frame590.jpg,0.9684437,0.03008776,0.0013658656,5.7382433e-05,4.530562e-05,A3.1-A4.1,A3.7-A4.7,A3,A3
113610_cam_survey_1_frame599.jpg,0.52257013,0.47663096,0.0005476495,0.00014917873,0.00010212853,A3.1-A4.1,A3.7-A4.7,A3,A3
113610_cam_survey_1_frame602.jpg,0.34360677,0.655794,0.00037365285,0.00013995929,8.548754e-05,A3.7-A4.7,A3.1-A4.1,A3,A3
113610_cam_survey_1_frame603.jpg,0.38260108,0.6167476,0.00040136682,0.00015473214,9.511775e-05,A3.7-A4.7,A3.1-A4.1,A3,A3
113610_cam_survey_1_frame608.jpg,0.30789575,0.6914471,0.0003913046,0.00016996014,9.597127e-05,A3.7-A4.7,A3.1-A4.1,A3,A3
113610_cam_survey_1_frame618.jpg,0.29586613,0.7028583,0.00064588967,0.0004776055,0.00015201514,A3.7-A4.7,A3.1-A4.1,A3,A3
113610_cam_survey_1_frame619.jpg,0.32271472,0.6749686,0.0010854489,0.0010124147,0.00021874817,A3.7-A4.7,A3.1-A4.1,A3,A3
113610_cam_survey_1_frame621.jpg,0.31945643,0.67177856,0.0028387918,0.005426683,0.0004995218,A3.7-A4.7,A3.1-A4.1,A3,A3
113610_cam_survey_1_frame622.jpg,0.35197148,0.63762397,0.0033864758,0.006454825,0.000563212,A3.7-A4.7,A3.1-A4.1,A3,A3
113610_cam_survey_1_frame626.jpg,0.6245361,0.37364417,0.0011766325,0.00047487623,0.00016818628,A3.1-A4.1,A3.7-A4.7,A3,A3
113610_cam_survey_1_frame634.jpg,0.95995003,0.03128094,0.008538363,0.0001455633,8.516876e-05,A3.1-A4.1,A3.7-A4.7,A3,A3
113610_cam_survey_1_frame637.jpg,0.9291236,0.011785643,0.05874462,0.00025132453,9.48388e-05,A3.1-A4.1,A5.1,A3,A5
113610_cam_survey_1_frame652.jpg,0.822157,0.17610271,0.0015506566,9.894433e-05,9.06694e-05,A3.1-A4.1,A3.7-A4.7,A3,A3
113610_cam_survey_1_frame695.jpg,0.7997542,0.19581789,0.0039723334,0.00030606205,0.00014955971,A3.1-A4.1,A3.7-A4.7,A3,A3
113610_cam_survey_1_frame705.jpg,0.9029646,0.0041776034,0.092531994,0.00023730713,8.850352e-05,A3.1-A4.1,A5.1,A3,A5
113610_cam_survey_1_frame706.jpg,0.8974128,0.0048894165,0.097373314,0.00023193154,9.2534516e-05,A3.1-A4.1,A5.1,A3,A5
113610_cam_survey_1_frame707.jpg,0.8970456,0.0051078396,0.09757214,0.00018711748,8.7361535e-05,A3.1-A4.1,A5.1,A3,A5
113610_cam_survey_1_frame711.jpg,0.79917336,0.024681702,0.17518039,0.00077655684,0.00018800366,A3.1-A4.1,A5.1,A3,A5
113610_cam_survey_1_frame715.jpg,0.8972895,0.077285714,0.02415812,0.0009995282,0.00026710407,A3.1-A4.1,A3.7-A4.7,A3,A3
113610_cam_survey_1_frame721.jpg,0.9584619,0.03336519,0.007973605,0.00012731059,7.213917e-05,A3.1-A4.1,A3.7-A4.7,A3,A3
113610_cam_survey_1_frame726.jpg,0.96468306,0.030253384,0.0049125105,9.3088514e-05,5.7998863e-05,A3.1-A4.1,A3.7-A4.7,A3,A3
113610_cam_survey_1_frame727.jpg,0.97456056,0.01890227,0.0064017153,8.345991e-05,5.188424e-05,A3.1-A4.1,A3.7-A4.7,A3,A3
113610_cam_survey_1_frame737.jpg,0.85518986,0.13660552,0.007785653,0.0002809611,0.00013794818,A3.1-A4.1,A3.7-A4.7,A3,A3
113610_cam_survey_1_frame748.jpg,0.9191812,0.070114225,0.010318625,0.0002668107,0.000119023054,A3.1-A4.1,A3.7-A4.7,A3,A3
113610_cam_survey_1_frame752.jpg,0.90506876,0.071683906,0.022563512,0.00052940845,0.00015443999,A3.1-A4.1,A3.7-A4.7,A3,A3
113610_cam_survey_1_frame765.jpg,0.02561508,0.00051473547,0.9733445,0.0004943067,3.1420826e-05,A5.1,A3.1-A4.1,A5,A3
113610_cam_survey_1_frame828.jpg,0.029951567,0.0004917538,0.96422833,0.0052170022,0.00011142592,A5.1,A3.1-A4.1,A5,A3
113610_cam_survey_1_frame843.jpg,0.9095848,0.08259817,0.00580006,0.0016720358,0.00034496232,A3.1-A4.1,A3.7-A4.7,A3,A3
113610_cam_survey_1_frame864.jpg,0.07874006,0.17793337,0.012727646,0.7262258,0.004373161,A5.2,A3.7-A4.7,A5,A3
113610_cam_survey_1_frame865.jpg,0.04221379,0.102004476,0.0104680015,0.84159744,0.003716265,A5.2,A3.7-A4.7,A5,A3
113610_cam_survey_1_frame890.jpg,0.955593,0.04161858,0.0025505647,0.00014364847,9.4193856e-05,A3.1-A4.1,A3.7-A4.7,A3,A3
113610_cam_survey_1_frame897.jpg,0.95604604,0.026972868,0.016715394,0.00017397288,9.17468e-05,A3.1-A4.1,A3.7-A4.7,A3,A3
113610_cam_survey_1_frame900.jpg,0.9420167,0.013859385,0.043790124,0.0002402502,9.350816e-05,A3.1-A4.1,A5.1,A3,A5
113610_cam_survey_1_frame905.jpg,0.9055772,0.013122186,0.081020504,0.00020515209,7.507125e-05,A3.1-A4.1,A5.1,A3,A5
113610_cam_survey_1_frame908.jpg,0.9188475,0.025624733,0.05510291,0.00031713795,0.000107723296,A3.1-A4.1,A5.1,A3,A5
113610_cam_survey_1_frame923.jpg,0.9334149,0.025357896,0.04079693,0.0003085589,0.00012171237,A3.1-A4.1,A5.1,A3,A5
113610_cam_survey_1_frame934.jpg,0.960783,0.012560224,0.026384812,0.00019023192,8.174769e-05,A3.1-A4.1,A5.1,A3,A5
113610_cam_survey_1_frame947.jpg,0.9646734,0.03143062,0.003736977,9.577003e-05,6.321566e-05,A3.1-A4.1,A3.7-A4.7,A3,A3
113610_cam_survey_1_frame954.jpg,0.98496664,0.0109121865,0.0040026866,7.470646e-05,4.374399e-05,A3.1-A4.1,A3.7-A4.7,A3,A3
113610_cam_survey_1_frame973.jpg,0.82047516,0.17600755,0.0029220784,0.0004676175,0.00012751081,A3.1-A4.1,A3.7-A4.7,A3,A3
113610_cam_survey_1_frame997.jpg,0.9648779,0.031505644,0.0033413267,0.0001946922,8.036784e-05,A3.1-A4.1,A3.7-A4.7,A3,A3
125355_forcadinho-np3_frame1011.jpg,0.13639383,0.86321825,0.00015999658,0.00013588567,9.208323e-05,A3.7-A4.7,A3.1-A4.1,A3,A3
125355_forcadinho-np3_frame1013.jpg,0.14715895,0.852423,0.00017116041,0.00015113973,9.570475e-05,A3.7-A4.7,A3.1-A4.1,A3,A3
125355_forcadinho-np3_frame1040.jpg,0.96237767,0.036466807,0.0009950956,9.7469914e-05,6.29292e-05,A3.1-A4.1,A3.7-A4.7,A3,A3
125355_forcadinho-np3_frame1044.jpg,0.9560818,0.040753584,0.0026988776,0.00033977418,0.00012597804,A3.1-A4.1,A3.7-A4.7,A3,A3
125355_forcadinho-np3_frame1053.jpg,0.93140566,0.062032387,0.0052032806,0.0011095505,0.0002491337,A3.1-A4.1,A3.7-A4.7,A3,A3
125355_forcadinho-np3_frame1074.jpg,0.8028479,0.19635513,0.0006148897,8.8004876e-05,9.412561e-05,A3.1-A4.1,A3.7-A4.7,A3,A3
125355_forcadinho-np3_frame1092.jpg,0.9863148,0.01080786,0.0027411862,8.5231266e-05,5.092232e-05,A3.1-A4.1,A3.7-A4.7,A3,A3
125355_forcadinho-np3_frame1093.jpg,0.9868689,0.009691401,0.0032892758,9.296423e-05,5.736215e-05,A3.1-A4.1,A3.7-A4.7,A3,A3
125355_forcadinho-np3_frame1108.jpg,0.98872524,0.0077749793,0.0034175226,4.8810864e-05,3.343811e-05,A3.1-A4.1,A3.7-A4.7,A3,A3
125355_forcadinho-np3_frame1126.jpg,0.9563299,0.042476438,0.0010375482,8.454781e-05,7.157737e-05,A3.1-A4.1,A3.7-A4.7,A3,A3
125355_forcadinho-np3_frame1131.jpg,0.8984951,0.09900832,0.0021793942,0.00018164747,0.00013563648,A3.1-A4.1,A3.7-A4.7,A3,A3
125355_forcadinho-np3_frame1136.jpg,0.97278905,0.023002299,0.003974298,0.00014330252,9.100604e-05,A3.1-A4.1,A3.7-A4.7,A3,A3
125355_forcadinho-np3_frame1167.jpg,0.96943474,0.02897959,0.0014341491,8.6142914e-05,6.542074e-05,A3.1-A4.1,A3.7-A4.7,A3,A3
125355_forcadinho-np3_frame1172.jpg,0.9722793,0.025517553,0.0020015116,0.00011636047,8.519328e-05,A3.1-A4.1,A3.7-A4.7,A3,A3
125355_forcadinho-np3_frame1175.jpg,0.9864977,0.01131918,0.0021092992,4.1995492e-05,3.186344e-05,A3.1-A4.1,A3.7-A4.7,A3,A3
125355_forcadinho-np3_frame1178.jpg,0.9858539,0.010343055,0.00372733,4.394268e-05,3.1725795e-05,A3.1-A4.1,A3.7-A4.7,A3,A3
125355_forcadinho-np3_frame1186.jpg,0.89255226,0.10250171,0.004550679,0.00027293165,0.00012245728,A3.1-A4.1,A3.7-A4.7,A3,A3
125355_forcadinho-np3_frame1193.jpg,0.94049585,0.05547174,0.0037780832,0.00016185566,9.237432e-05,A3.1-A4.1,A3.7-A4.7,A3,A3
125355_forcadinho-np3_frame1257.jpg,0.7402034,0.25833982,0.0011047929,0.00021936644,0.00013268893,A3.1-A4.1,A3.7-A4.7,A3,A3
125355_forcadinho-np3_frame1371.jpg,0.9525934,0.039788887,0.0072278464,0.00027326282,0.000116632946,A3.1-A4.1,A3.7-A4.7,A3,A3
125355_forcadinho-np3_frame1427.jpg,0.9760108,0.011562251,0.012083768,0.00024886543,9.4353134e-05,A3.1-A4.1,A5.1,A3,A5
125355_forcadinho-np3_frame1431.jpg,0.9708791,0.014190491,0.014426907,0.00037548257,0.00012800188,A3.1-A4.1,A5.1,A3,A5
125355_forcadinho-np3_frame1438.jpg,0.56303644,0.03373794,0.40034354,0.0024413748,0.00044068636,A3.1-A4.1,A5.1,A3,A5
125355_forcadinho-np3_frame1471.jpg,0.033560377,0.00021867505,0.96602416,0.0001797868,1.7095399e-05,A5.1,A3.1-A4.1,A5,A3
125355_forcadinho-np3_frame1472.jpg,0.14368446,0.0009754728,0.8549815,0.0003146115,4.3975255e-05,A5.1,A3.1-A4.1,A5,A3
125355_forcadinho-np3_frame1483.jpg,0.21585453,0.0016667044,0.7821068,0.00032309952,4.8862028e-05,A5.1,A3.1-A4.1,A5,A3
125355_forcadinho-np3_frame1507.jpg,0.0064188633,7.4526186e-05,0.9933495,0.00014995823,7.2223365e-06,A5.1,A3.1-A4.1,A5,A3
125355_forcadinho-np3_frame1509.jpg,0.003967377,5.608119e-05,0.9958121,0.00015843904,5.9448444e-06,A5.1,A3.1-A4.1,A5,A3
125355_forcadinho-np3_frame1513.jpg,0.0018807775,2.9843412e-05,0.9979342,0.00015122109,3.899178e-06,A5.1,A3.1-A4.1,A5,A3
125355_forcadinho-np3_frame1515.jpg,0.0018674947,2.2536211e-05,0.9979906,0.00011629676,2.922822e-06,A5.1,A3.1-A4.1,A5,A3
125355_forcadinho-np3_frame1521.jpg,0.0033720813,2.9370918e-05,0.9964922,0.00010219148,4.1223443e-06,A5.1,A3.1-A4.1,A5,A3
125355_forcadinho-np3_frame1531.jpg,0.006856344,2.4210623e-05,0.99305314,6.209528e-05,4.14287e-06,A5.1,A3.1-A4.1,A5,A3
125355_forcadinho-np3_frame1533.jpg,0.007895685,2.224168e-05,0.992031,4.7575923e-05,3.520699e-06,A5.1,A3.1-A4.1,A5,A3
125355_forcadinho-np3_frame1552.jpg,0.9803622,0.014591146,0.004879672,9.8684e-05,6.833021e-05,A3.1-A4.1,A3.7-A4.7,A3,A3
125355_forcadinho-np3_frame1559.jpg,0.962276,0.01470059,0.022795659,0.0001569913,7.072542e-05,A3.1-A4.1,A5.1,A3,A5
125355_forcadinho-np3_frame1561.jpg,0.97172576,0.0119799655,0.0161397,9.579449e-05,5.8879144e-05,A3.1-A4.1,A5.1,A3,A5
125355_forcadinho-np3_frame1562.jpg,0.9764033,0.012164184,0.011257093,0.00011053161,6.481622e-05,A3.1-A4.1,A3.7-A4.7,A3,A3
125355_forcadinho-np3_frame1563.jpg,0.97256064,0.006700864,0.020588469,9.8600496e-05,5.1341623e-05,A3.1-A4.1,A5.1,A3,A5
125355_forcadinho-np3_frame1596.jpg,0.9886326,0.0036541992,0.0076414254,4.6482815e-05,2.5359399e-05,A3.1-A4.1,A5.1,A3,A5
125355_forcadinho-np3_frame1599.jpg,0.98870206,0.0036564954,0.007570028,4.6259516e-05,2.5164132e-05,A3.1-A4.1,A5.1,A3,A5
125355_forcadinho-np3_frame1617.jpg,0.98866,0.00667306,0.004555614,6.822485e-05,4.31841e-05,A3.1-A4.1,A3.7-A4.7,A3,A3
125355_forcadinho-np3_frame1618.jpg,0.988118,0.007868337,0.0038951186,7.179139e-05,4.6792644e-05,A3.1-A4.1,A3.7-A4.7,A3,A3
125355_forcadinho-np3_frame1627.jpg,0.9923766,0.0040594935,0.0034932385,4.5109286e-05,2.5524376e-05,A3.1-A4.1,A3.7-A4.7,A3,A3
125355_forcadinho-np3_frame1629.jpg,0.99060833,0.0038055754,0.0054960493,5.957158e-05,3.0411944e-05,A3.1-A4.1,A5.1,A3,A5
125355_forcadinho-np3_frame1632.jpg,0.9873604,0.0022397097,0.010314068,6.0451348e-05,2.5274456e-05,A3.1-A4.1,A5.1,A3,A5
125355_forcadinho-np3_frame1655.jpg,0.95228934,0.00917858,0.038283486,0.00016276147,8.57669e-05,A3.1-A4.1,A5.1,A3,A5
125355_forcadinho-np3_frame1659.jpg,0.97748613,0.012804048,0.00959069,6.9086986e-05,5.0144547e-05,A3.1-A4.1,A3.7-A4.7,A3,A3
125355_forcadinho-np3_frame1678.jpg,0.9646398,0.018907482,0.01630943,8.460502e-05,5.8779828e-05,A3.1-A4.1,A3.7-A4.7,A3,A3
125355_forcadinho-np3_frame1679.jpg,0.96182007,0.01582586,0.02221324,8.540306e-05,5.5355544e-05,A3.1-A4.1,A5.1,A3,A5
125355_forcadinho-np3_frame1681.jpg,0.92944795,0.005781573,0.06462798,9.730205e-05,4.517196e-05,A3.1-A4.1,A5.1,A3,A5
125355_forcadinho-np3_frame1683.jpg,0.8697449,0.0028527915,0.12727256,9.650353e-05,3.3138243e-05,A3.1-A4.1,A5.1,A3,A5
125355_forcadinho-np3_frame1684.jpg,0.82351905,0.001955778,0.17440458,8.998248e-05,3.0666077e-05,A3.1-A4.1,A5.1,A3,A5
125355_forcadinho-np3_frame1685.jpg,0.61816955,0.0011248785,0.38057524,0.00010252058,2.7772512e-05,A3.1-A4.1,A5.1,A3,A5
125355_forcadinho-np3_frame1692.jpg,0.44101357,0.001018199,0.55774814,0.00018228391,3.780086e-05,A5.1,A3.1-A4.1,A5,A3
125355_forcadinho-np3_frame1701.jpg,0.27905923,0.0019626059,0.7180431,0.000843664,9.1411726e-05,A5.1,A3.1-A4.1,A5,A3
125355_forcadinho-np3_frame1704.jpg,0.5499248,0.003380724,0.4459504,0.0006463662,9.773903e-05,A3.1-A4.1,A5.1,A3,A5
125355_forcadinho-np3_frame1709.jpg,0.58509475,0.0061984835,0.40757725,0.000982272,0.00014727161,A3.1-A4.1,A5.1,A3,A5
125355_forcadinho-np3_frame1710.jpg,0.6697402,0.007878624,0.32113326,0.0010744351,0.00017347962,A3.1-A4.1,A5.1,A3,A5
125355_forcadinho-np3_frame1711.jpg,0.80668753,0.008677725,0.18386437,0.00062999956,0.00014039726,A3.1-A4.1,A5.1,A3,A5
125355_forcadinho-np3_frame1715.jpg,0.94631904,0.015285992,0.037978582,0.0003123378,0.00010417741,A3.1-A4.1,A5.1,A3,A5
125355_forcadinho-np3_frame1745.jpg,0.98408407,0.006864336,0.008898254,0.000100982645,5.232315e-05,A3.1-A4.1,A5.1,A3,A5
125355_forcadinho-np3_frame1749.jpg,0.9830146,0.007667357,0.009147228,0.00011440594,5.6418558e-05,A3.1-A4.1,A5.1,A3,A5
125355_forcadinho-np3_frame1764.jpg,0.9835683,0.0048600435,0.01143399,9.708141e-05,4.055768e-05,A3.1-A4.1,A5.1,A3,A5
125355_forcadinho-np3_frame1774.jpg,0.97320616,0.002847084,0.023737086,0.0001623063,4.7327074e-05,A3.1-A4.1,A5.1,A3,A5
125355_forcadinho-np3_frame1780.jpg,0.9737255,0.014917283,0.011134498,0.00015654319,6.621462e-05,A3.1-A4.1,A3.7-A4.7,A3,A3
125355_forcadinho-np3_frame1809.jpg,0.41353586,0.0034057265,0.5812629,0.0016022479,0.00019332716,A5.1,A3.1-A4.1,A5,A3
125355_forcadinho-np3_frame182.jpg,0.3973919,0.009711212,0.28633836,0.0833666,0.22319196,A3.1-A4.1,A5.1,A3,A5
125355_forcadinho-np3_frame1845.jpg,0.8187378,0.012107222,0.16622324,0.0025909808,0.00034075865,A3.1-A4.1,A5.1,A3,A5
125355_forcadinho-np3_frame196.jpg,0.31328928,0.010194466,0.29920736,0.101621166,0.27568772,A3.1-A4.1,A5.1,A3,A5
125355_forcadinho-np3_frame205.jpg,0.27310753,0.017111178,0.18775344,0.09332113,0.42870677,A5.4,A3.1-A4.1,A5,A3
125355_forcadinho-np3_frame206.jpg,0.24005426,0.01754384,0.17290863,0.1004748,0.46901846,A5.4,A3.1-A4.1,A5,A3
125355_forcadinho-np3_frame266.jpg,0.7978769,0.20052645,0.0008303647,0.00024097034,0.0005253257,A3.1-A4.1,A3.7-A4.7,A3,A3
125355_forcadinho-np3_frame270.jpg,0.6757721,0.32273796,0.00073396374,0.00026430507,0.0004916737,A3.1-A4.1,A3.7-A4.7,A3,A3
125355_forcadinho-np3_frame367.jpg,0.42380038,0.0076286173,0.31879124,0.13209224,0.11768752,A3.1-A4.1,A5.1,A3,A5
125355_forcadinho-np3_frame368.jpg,0.4327511,0.0076525863,0.3149616,0.12795673,0.11667787,A3.1-A4.1,A5.1,A3,A5
125355_forcadinho-np3_frame406.jpg,0.4060521,0.0076794713,0.32739136,0.13606592,0.12281107,A3.1-A4.1,A5.1,A3,A5
125355_forcadinho-np3_frame407.jpg,0.40647963,0.007747156,0.32671848,0.13620055,0.12285413,A3.1-A4.1,A5.1,A3,A5
125355_forcadinho-np3_frame408.jpg,0.40483677,0.007857185,0.32691738,0.13659516,0.12379352,A3.1-A4.1,A5.1,A3,A5
125355_forcadinho-np3_frame43.jpg,0.30780235,0.009941705,0.3385569,0.14516975,0.19852932,A5.1,A3.1-A4.1,A5,A3
125355_forcadinho-np3_frame444.jpg,0.4554574,0.0068009146,0.30601305,0.12885728,0.102871366,A3.1-A4.1,A5.1,A3,A5
125355_forcadinho-np3_frame446.jpg,0.45910653,0.006572804,0.30540514,0.1277159,0.10119961,A3.1-A4.1,A5.1,A3,A5
125355_forcadinho-np3_frame447.jpg,0.4583121,0.006622703,0.3055264,0.12794054,0.10159822,A3.1-A4.1,A5.1,A3,A5
125355_forcadinho-np3_frame454.jpg,0.4501922,0.0070561166,0.3074551,0.12998,0.10531666,A3.1-A4.1,A5.1,A3,A5
125355_forcadinho-np3_frame455.jpg,0.44960907,0.0070847184,0.30759075,0.13013183,0.10558364,A3.1-A4.1,A5.1,A3,A5
125355_forcadinho-np3_frame456.jpg,0.4479192,0.0071695265,0.30797923,0.13059543,0.106336646,A3.1-A4.1,A5.1,A3,A5
125355_forcadinho-np3_frame457.jpg,0.44783854,0.0072121895,0.30773002,0.13072442,0.10649484,A3.1-A4.1,A5.1,A3,A5
125355_forcadinho-np3_frame46.jpg,0.29219162,0.0104497075,0.33285487,0.14658251,0.21792138,A5.1,A3.1-A4.1,A5,A3
125355_forcadinho-np3_frame460.jpg,0.44463626,0.0066092075,0.31364146,0.12910172,0.10601134,A3.1-A4.1,A5.1,A3,A5
125355_forcadinho-np3_frame463.jpg,0.4439885,0.0069189095,0.3118155,0.13036197,0.10691517,A3.1-A4.1,A5.1,A3,A5
125355_forcadinho-np3_frame464.jpg,0.44227198,0.007070213,0.3117914,0.1309414,0.10792499,A3.1-A4.1,A5.1,A3,A5
125355_forcadinho-np3_frame465.jpg,0.44153324,0.0072564497,0.31098393,0.13158645,0.10863995,A3.1-A4.1,A5.1,A3,A5
125355_forcadinho-np3_frame466.jpg,0.4399405,0.0076620476,0.30920354,0.13282551,0.11036834,A3.1-A4.1,A5.1,A3,A5
125355_forcadinho-np3_frame467.jpg,0.43955055,0.0077708056,0.3087189,0.13319428,0.11076546,A3.1-A4.1,A5.1,A3,A5
125355_forcadinho-np3_frame471.jpg,0.43565044,0.007979136,0.3095207,0.13420878,0.11264098,A3.1-A4.1,A5.1,A3,A5
125355_forcadinho-np3_frame473.jpg,0.4338834,0.008018749,0.31028718,0.13431358,0.11349709,A3.1-A4.1,A5.1,A3,A5
125355_forcadinho-np3_frame476.jpg,0.42908666,0.008245742,0.3114972,0.13547517,0.11569519,A3.1-A4.1,A5.1,A3,A5
125355_forcadinho-np3_frame49.jpg,0.26644734,0.011257728,0.31527975,0.14719655,0.25981864,A5.1,A3.1-A4.1,A5,A3
125355_forcadinho-np3_frame507.jpg,0.7133902,0.013791562,0.1516545,0.04492881,0.07623504,A3.1-A4.1,A5.1,A3,A5
125355_forcadinho-np3_frame520.jpg,0.44721177,0.006135964,0.31863493,0.11829828,0.109719016,A3.1-A4.1,A5.1,A3,A5
125355_forcadinho-np3_frame54.jpg,0.2179147,0.012665593,0.25978726,0.14648876,0.36314365,A5.4,A5.1,A5,A5
125355_forcadinho-np3_frame585.jpg,0.38971704,0.009318624,0.32573056,0.13921359,0.13602011,A3.1-A4.1,A5.1,A3,A5
125355_forcadinho-np3_frame588.jpg,0.37816828,0.0091131795,0.33165213,0.14050137,0.14056507,A3.1-A4.1,A5.1,A3,A5
125355_forcadinho-np3_frame593.jpg,0.35442072,0.008566493,0.34291607,0.140995,0.15310165,A3.1-A4.1,A5.1,A3,A5
125355_forcadinho-np3_frame595.jpg,0.35284808,0.009315055,0.33790436,0.14214198,0.15779051,A3.1-A4.1,A5.1,A3,A5
125355_forcadinho-np3_frame629.jpg,0.40816033,0.008229818,0.32305238,0.13645014,0.12410732,A3.1-A4.1,A5.1,A3,A5
125355_forcadinho-np3_frame985.jpg,0.98039436,0.008355605,0.0110466955,0.0001324581,7.0767506e-05,A3.1-A4.1,A5.1,A3,A5
132143_forcadinho-np3_frame102.jpg,0.71485835,0.28035343,0.0029058452,0.0015850856,0.00029732788,A3.1-A4.1,A3.7-A4.7,A3,A3
132143_forcadinho-np3_frame1035.jpg,0.3973284,0.0073444042,0.3042682,0.078703284,0.21235572,A3.1-A4.1,A5.1,A3,A5
132143_forcadinho-np3_frame1036.jpg,0.50176334,0.011469939,0.24036533,0.060979072,0.1854223,A3.1-A4.1,A5.1,A3,A5
132143_forcadinho-np3_frame1037.jpg,0.5057059,0.010947384,0.24053001,0.059238184,0.18357855,A3.1-A4.1,A5.1,A3,A5
132143_forcadinho-np3_frame1039.jpg,0.7684021,0.03204556,0.08492975,0.024722612,0.08989994,A3.1-A4.1,A5.4,A3,A5
132143_forcadinho-np3_frame1041.jpg,0.8956243,0.0898932,0.006490365,0.0021823111,0.0058098556,A3.1-A4.1,A3.7-A4.7,A3,A3
132143_forcadinho-np3_frame1043.jpg,0.8945381,0.101876095,0.0017561596,0.00049499783,0.0013346563,A3.1-A4.1,A3.7-A4.7,A3,A3
132143_forcadinho-np3_frame1059.jpg,0.8906982,0.036910173,0.03288237,0.008553443,0.030955734,A3.1-A4.1,A3.7-A4.7,A3,A3
132143_forcadinho-np3_frame1081.jpg,0.54246217,0.014974889,0.217032,0.062097933,0.16343303,A3.1-A4.1,A5.1,A3,A5
132143_forcadinho-np3_frame1088.jpg,0.31100386,0.007972354,0.33461124,0.11337696,0.23303561,A5.1,A3.1-A4.1,A5,A3
132143_forcadinho-np3_frame1142.jpg,0.0924742,0.0004107114,0.906779,0.0003049394,3.108583e-05,A5.1,A3.1-A4.1,A5,A3
132143_forcadinho-np3_frame1154.jpg,0.3759149,0.0017288721,0.6215582,0.000707731,9.025016e-05,A5.1,A3.1-A4.1,A5,A3
132143_forcadinho-np3_frame1163.jpg,0.25322664,0.0011853799,0.7446135,0.00088635593,8.8181485e-05,A5.1,A3.1-A4.1,A5,A3
132143_forcadinho-np3_frame1167.jpg,0.62674505,0.0021396505,0.3704986,0.00052268436,9.405209e-05,A3.1-A4.1,A5.1,A3,A5
132143_forcadinho-np3_frame1168.jpg,0.5555501,0.0018707262,0.44175065,0.0007165719,0.000111933885,A3.1-A4.1,A5.1,A3,A5
132143_forcadinho-np3_frame118.jpg,0.323993,0.5992615,0.008168015,0.066510245,0.0020673613,A3.7-A4.7,A3.1-A4.1,A3,A3
132143_forcadinho-np3_frame119.jpg,0.2999748,0.618308,0.0076961224,0.07176805,0.002252989,A3.7-A4.7,A3.1-A4.1,A3,A3
132143_forcadinho-np3_frame1191.jpg,0.66195685,0.0033872556,0.33377662,0.0007533562,0.00012585259,A3.1-A4.1,A5.1,A3,A5
132143_forcadinho-np3_frame1197.jpg,0.39625084,0.0023822833,0.59970725,0.0015163594,0.00014327926,A5.1,A3.1-A4.1,A5,A3
132143_forcadinho-np3_frame120.jpg,0.97120273,0.0148043055,0.013849501,8.353755e-05,5.9950347e-05,A3.1-A4.1,A3.7-A4.7,A3,A3
132143_forcadinho-np3_frame121.jpg,0.9810651,0.012735439,0.0061175884,4.874247e-05,3.3148368e-05,A3.1-A4.1,A3.7-A4.7,A3,A3
132143_forcadinho-np3_frame1225.jpg,0.9790492,0.015095733,0.0056127505,0.00016895008,7.343677e-05,A3.1-A4.1,A3.7-A4.7,A3,A3
132143_forcadinho-np3_frame1238.jpg,0.97655827,0.016923007,0.0061820312,0.00023629135,0.00010046655,A3.1-A4.1,A3.7-A4.7,A3,A3
132143_forcadinho-np3_frame1240.jpg,0.9804078,0.013640391,0.0056611546,0.00020109944,8.9549874e-05,A3.1-A4.1,A3.7-A4.7,A3,A3
132143_forcadinho-np3_frame1241.jpg,0.981713,0.0123439375,0.0056809243,0.00017927602,8.2800434e-05,A3.1-A4.1,A3.7-A4.7,A3,A3
132143_forcadinho-np3_frame1252.jpg,0.98255587,0.012898017,0.004315285,0.0001532445,7.760316e-05,A3.1-A4.1,A3.7-A4.7,A3,A3
132143_forcadinho-np3_frame1270.jpg,0.9617827,0.0362544,0.0017532886,0.00012335349,8.6260676e-05,A3.1-A4.1,A3.7-A4.7,A3,A3
132143_forcadinho-np3_frame1276.jpg,0.9763109,0.022063164,0.0015005117,7.246627e-05,5.292304e-05,A3.1-A4.1,A3.7-A4.7,A3,A3
132143_forcadinho-np3_frame128.jpg,0.9775984,0.009056888,0.013207934,8.2161714e-05,5.4522647e-05,A3.1-A4.1,A5.1,A3,A5
132143_forcadinho-np3_frame1284.jpg,0.77109575,0.22766586,0.0009615848,0.00016353108,0.00011324314,A3.1-A4.1,A3.7-A4.7,A3,A3
132143_forcadinho-np3_frame1286.jpg,0.7241112,0.27428856,0.0012140969,0.00022983032,0.00015634774,A3.1-A4.1,A3.7-A4.7,A3,A3
132143_forcadinho-np3_frame130.jpg,0.9582957,0.03527695,0.006195745,0.000120969744,0.00011073718,A3.1-A4.1,A3.7-A4.7,A3,A3
132143_forcadinho-np3_frame1335.jpg,0.9736191,0.019114038,0.0071329074,7.458748e-05,5.929281e-05,A3.1-A4.1,A3.7-A4.7,A3,A3
132143_forcadinho-np3_frame134.jpg,0.80619574,0.19299878,0.00053179794,9.6173324e-05,0.00017746481,A3.1-A4.1,A3.7-A4.7,A3,A3
132143_forcadinho-np3_frame1348.jpg,0.9696591,0.027399585,0.002818848,5.980645e-05,6.276827e-05,A3.1-A4.1,A3.7-A4.7,A3,A3
132143_forcadinho-np3_frame135.jpg,0.9574682,0.039389394,0.00297351,9.46149e-05,7.423144e-05,A3.1-A4.1,A3.7-A4.7,A3,A3
132143_forcadinho-np3_frame1355.jpg,0.9782995,0.013827674,0.0077331713,7.978816e-05,5.9808684e-05,A3.1-A4.1,A3.7-A4.7,A3,A3
132143_forcadinho-np3_frame1360.jpg,0.96126425,0.035917506,0.0026854996,6.30092e-05,6.975847e-05,A3.1-A4.1,A3.7-A4.7,A3,A3
132143_forcadinho-np3_frame1362.jpg,0.87490314,0.12358365,0.0013407473,7.4933545e-05,9.755921e-05,A3.1-A4.1,A3.7-A4.7,A3,A3
132143_forcadinho-np3_frame1367.jpg,0.80693585,0.19168855,0.0011536651,0.00010315503,0.00011883254,A3.1-A4.1,A3.7-A4.7,A3,A3
132143_forcadinho-np3_frame1372.jpg,0.9633875,0.034024745,0.0024650958,6.110269e-05,6.159872e-05,A3.1-A4.1,A3.7-A4.7,A3,A3
132143_forcadinho-np3_frame1393.jpg,0.38660282,0.009861591,0.60178566,0.0014895665,0.00026030862,A5.1,A3.1-A4.1,A5,A3
132143_forcadinho-np3_frame1395.jpg,0.0563189,0.0025836043,0.9366159,0.004295978,0.00018572816,A5.1,A3.1-A4.1,A5,A3
132143_forcadinho-np3_frame1415.jpg,0.86051416,0.13732046,0.0017363651,0.00026027014,0.00016877992,A3.1-A4.1,A3.7-A4.7,A3,A3
132143_forcadinho-np3_frame1421.jpg,0.8723006,0.12423154,0.0028728682,0.00038137456,0.00021354404,A3.1-A4.1,A3.7-A4.7,A3,A3
132143_forcadinho-np3_frame1425.jpg,0.69875664,0.29756364,0.0028078707,0.00063489925,0.00023687689,A3.1-A4.1,A3.7-A4.7,A3,A3
132143_forcadinho-np3_frame1431.jpg,0.9294628,0.0601006,0.009588998,0.00062133535,0.00022628254,A3.1-A4.1,A3.7-A4.7,A3,A3
132143_forcadinho-np3_frame1439.jpg,0.55524516,0.44006535,0.0035412372,0.00085565157,0.0002926434,A3.1-A4.1,A3.7-A4.7,A3,A3
132143_forcadinho-np3_frame1450.jpg,0.9616312,0.028347567,0.009496835,0.00040228775,0.00012213747,A3.1-A4.1,A3.7-A4.7,A3,A3
132143_forcadinho-np3_frame1469.jpg,0.85820764,0.13990808,0.0016633661,0.00012438449,9.65542e-05,A3.1-A4.1,A3.7-A4.7,A3,A3
132143_forcadinho-np3_frame1473.jpg,0.8603221,0.13499863,0.004121612,0.00040486592,0.00015268046,A3.1-A4.1,A3.7-A4.7,A3,A3
132143_forcadinho-np3_frame1477.jpg,0.8500201,0.14359625,0.005496381,0.00068164535,0.0002056106,A3.1-A4.1,A3.7-A4.7,A3,A3
132143_forcadinho-np3_frame1494.jpg,0.5166802,0.4825365,0.00045848437,0.0001901388,0.0001346898,A3.1-A4.1,A3.7-A4.7,A3,A3
132143_forcadinho-np3_frame1496.jpg,0.5137657,0.48541495,0.00043904933,0.00022837034,0.00015195193,A3.1-A4.1,A3.7-A4.7,A3,A3
132143_forcadinho-np3_frame1504.jpg,0.5942692,0.4030882,0.0017869157,0.00063077663,0.00022487302,A3.1-A4.1,A3.7-A4.7,A3,A3
132143_forcadinho-np3_frame1509.jpg,0.74270403,0.24856316,0.0068731057,0.0014455235,0.00041427818,A3.1-A4.1,A3.7-A4.7,A3,A3
132143_forcadinho-np3_frame1518.jpg,0.9467613,0.04463165,0.008147873,0.0003109561,0.00014824016,A3.1-A4.1,A3.7-A4.7,A3,A3
132143_forcadinho-np3_frame1520.jpg,0.93199784,0.057972882,0.00936829,0.00048067575,0.00018037343,A3.1-A4.1,A3.7-A4.7,A3,A3
132143_forcadinho-np3_frame1522.jpg,0.91409624,0.07341545,0.01130933,0.00093432784,0.00024476153,A3.1-A4.1,A3.7-A4.7,A3,A3
132143_forcadinho-np3_frame1531.jpg,0.22925484,0.77037394,0.00016611865,9.247396e-05,0.000112563925,A3.7-A4.7,A3.1-A4.1,A3,A3
132143_forcadinho-np3_frame1550.jpg,0.28650868,0.71260786,0.00037169858,0.00033870098,0.00017307742,A3.7-A4.7,A3.1-A4.1,A3,A3
132143_forcadinho-np3_frame1563.jpg,0.3866813,0.61069477,0.0010193759,0.00089146086,0.0007130814,A3.7-A4.7,A3.1-A4.1,A3,A3
132143_forcadinho-np3_frame1570.jpg,0.34930202,0.64419246,0.0037547937,0.0021965515,0.0005541686,A3.7-A4.7,A3.1-A4.1,A3,A3
132143_forcadinho-np3_frame1572.jpg,0.36743283,0.6280829,0.0021316523,0.0019172386,0.00043529828,A3.7-A4.7,A3.1-A4.1,A3,A3
132143_forcadinho-np3_frame1573.jpg,0.3546388,0.64319867,0.0010968847,0.00078169943,0.00028395848,A3.7-A4.7,A3.1-A4.1,A3,A3
132143_forcadinho-np3_frame158.jpg,0.8115331,0.1872494,0.0009639109,0.000142358,0.00011122965,A3.1-A4.1,A3.7-A4.7,A3,A3
132143_forcadinho-np3_frame1582.jpg,0.9173843,0.075441785,0.0067636706,0.00027288854,0.00013739677,A3.1-A4.1,A3.7-A4.7,A3,A3
132143_forcadinho-np3_frame1585.jpg,0.94749135,0.036552843,0.015576238,0.00027343872,0.00010616095,A3.1-A4.1,A3.7-A4.7,A3,A3
132143_forcadinho-np3_frame1589.jpg,0.81664187,0.16172531,0.02066426,0.0007404663,0.00022809903,A3.1-A4.1,A3.7-A4.7,A3,A3
132143_forcadinho-np3_frame1593.jpg,0.39796376,0.5957738,0.005250808,0.0007785375,0.00023310297,A3.7-A4.7,A3.1-A4.1,A3,A3
132143_forcadinho-np3_frame1595.jpg,0.31384537,0.6833197,0.0020603838,0.0005317863,0.000242847,A3.7-A4.7,A3.1-A4.1,A3,A3
132143_forcadinho-np3_frame1597.jpg,0.29225335,0.7055138,0.0015299235,0.00044193835,0.00026097373,A3.7-A4.7,A3.1-A4.1,A3,A3
132143_forcadinho-np3_frame16.jpg,0.96129024,0.03553682,0.003007103,9.994614e-05,6.585493e-05,A3.1-A4.1,A3.7-A4.7,A3,A3
132143_forcadinho-np3_frame1600.jpg,0.31335583,0.68382907,0.0019751661,0.00054837717,0.00029149378,A3.7-A4.7,A3.1-A4.1,A3,A3
132143_forcadinho-np3_frame1605.jpg,0.3551356,0.6419996,0.0022019027,0.00045674766,0.0002062026,A3.7-A4.7,A3.1-A4.1,A3,A3
132143_forcadinho-np3_frame1609.jpg,0.63779426,0.35871068,0.002885198,0.0004267359,0.00018312962,A3.1-A4.1,A3.7-A4.7,A3,A3
132143_forcadinho-np3_frame1610.jpg,0.5878661,0.40998104,0.0016355993,0.00035131752,0.00016592273,A3.1-A4.1,A3.7-A4.7,A3,A3
132143_forcadinho-np3_frame1611.jpg,0.64005345,0.3581025,0.0014164234,0.0002711758,0.00015640738,A3.1-A4.1,A3.7-A4.7,A3,A3
132143_forcadinho-np3_frame1612.jpg,0.40653646,0.5925228,0.00057974545,0.00020405503,0.00015695672,A3.7-A4.7,A3.1-A4.1,A3,A3
132143_forcadinho-np3_frame1621.jpg,0.6650496,0.33332732,0.0011380728,0.00030629497,0.0001787114,A3.1-A4.1,A3.7-A4.7,A3,A3
132143_forcadinho-np3_frame1625.jpg,0.61813337,0.376077,0.003076303,0.0023532829,0.00036009675,A3.1-A4.1,A3.7-A4.7,A3,A3
132143_forcadinho-np3_frame1626.jpg,0.48577338,0.44566202,0.01506762,0.05190782,0.0015891086,A3.1-A4.1,A3.7-A4.7,A3,A3
132143_forcadinho-np3_frame1628.jpg,0.4606563,0.38058165,0.028437063,0.12803277,0.0022922175,A3.1-A4.1,A3.7-A4.7,A3,A3
132143_forcadinho-np3_frame1629.jpg,0.6951987,0.27817443,0.011516109,0.01437836,0.000732362,A3.1-A4.1,A3.7-A4.7,A3,A3
132143_forcadinho-np3_frame1630.jpg,0.7789261,0.21270426,0.0056263716,0.002378899,0.0003644229,A3.1-A4.1,A3.7-A4.7,A3,A3
132143_forcadinho-np3_frame1631.jpg,0.7935093,0.19775185,0.0056298715,0.0027529423,0.00035607713,A3.1-A4.1,A3.7-A4.7,A3,A3
132143_forcadinho-np3_frame166.jpg,0.94265395,0.05506864,0.0021064084,0.00010116845,6.977392e-05,A3.1-A4.1,A3.7-A4.7,A3,A3
132143_forcadinho-np3_frame1671.jpg,0.11067138,0.0070944885,0.1511731,0.091808155,0.6392529,A5.4,A5.1,A5,A5
132143_forcadinho-np3_frame1673.jpg,0.104938954,0.0069936807,0.14589396,0.09394666,0.64822674,A5.4,A5.1,A5,A5
132143_forcadinho-np3_frame1675.jpg,0.100284204,0.006759337,0.14682055,0.09633389,0.6498021,A5.4,A5.1,A5,A5
132143_forcadinho-np3_frame1680.jpg,0.0801021,0.0060959114,0.14043151,0.110863,0.66250753,A5.4,A5.1,A5,A5
132143_forcadinho-np3_frame1682.jpg,0.0751119,0.00579134,0.14141364,0.11639855,0.66128457,A5.4,A5.1,A5,A5
132143_forcadinho-np3_frame1684.jpg,0.07784339,0.005872604,0.1463049,0.11671011,0.65326905,A5.4,A5.1,A5,A5
132143_forcadinho-np3_frame1688.jpg,0.07677968,0.0053945156,0.16022064,0.11965299,0.6379522,A5.4,A5.1,A5,A5
132143_forcadinho-np3_frame169.jpg,0.96738005,0.029511232,0.0029407772,0.00010037273,6.7629e-05,A3.1-A4.1,A3.7-A4.7,A3,A3
132143_forcadinho-np3_frame1691.jpg,0.10027699,0.0061924937,0.1905221,0.116005965,0.5870024,A5.4,A5.1,A5,A5
132143_forcadinho-np3_frame1692.jpg,0.10171849,0.0058521265,0.20667878,0.120464034,0.5652865,A5.4,A5.1,A5,A5
132143_forcadinho-np3_frame1704.jpg,0.18155071,0.008263044,0.2875112,0.13992272,0.38275233,A5.4,A5.1,A5,A5
132143_forcadinho-np3_frame1711.jpg,0.12701468,0.010111404,0.18412466,0.13923904,0.5395102,A5.4,A5.1,A5,A5
132143_forcadinho-np3_frame179.jpg,0.9125779,0.0853697,0.0017644641,0.00019687614,9.104828e-05,A3.1-A4.1,A3.7-A4.7,A3,A3
132143_forcadinho-np3_frame1820.jpg,0.2915539,0.006473626,0.37111682,0.13769321,0.1931624,A5.1,A3.1-A4.1,A5,A3
132143_forcadinho-np3_frame1822.jpg,0.29399917,0.006620089,0.3698132,0.13846634,0.19110121,A5.1,A3.1-A4.1,A5,A3
132143_forcadinho-np3_frame1868.jpg,0.35907346,0.0071086055,0.3517242,0.12932748,0.15276617,A3.1-A4.1,A5.1,A3,A5
132143_forcadinho-np3_frame1869.jpg,0.365315,0.007121968,0.34939054,0.12730098,0.15087156,A3.1-A4.1,A5.1,A3,A5
132143_forcadinho-np3_frame1889.jpg,0.33691186,0.0075781173,0.35493478,0.13861066,0.16196464,A5.1,A3.1-A4.1,A5,A3
132143_forcadinho-np3_frame1920.jpg,0.37971613,0.008654967,0.33428797,0.13896598,0.13837494,A3.1-A4.1,A5.1,A3,A5
132143_forcadinho-np3_frame1930.jpg,0.37091312,0.008673087,0.33719084,0.1391547,0.14406832,A3.1-A4.1,A5.1,A3,A5
132143_forcadinho-np3_frame1973.jpg,0.3709218,0.009998977,0.32891467,0.14361575,0.14654875,A3.1-A4.1,A5.1,A3,A5
132143_forcadinho-np3_frame1978.jpg,0.36078835,0.010215732,0.3303468,0.14522357,0.15342554,A3.1-A4.1,A5.1,A3,A5
132143_forcadinho-np3_frame1980.jpg,0.40940693,0.008554389,0.32069796,0.1364163,0.1249244,A3.1-A4.1,A5.1,A3,A5
132143_forcadinho-np3_frame1984.jpg,0.41648147,0.008028453,0.3199849,0.13482308,0.12068215,A3.1-A4.1,A5.1,A3,A5
132143_forcadinho-np3_frame1986.jpg,0.41904187,0.007538521,0.32195976,0.13291654,0.118543275,A3.1-A4.1,A5.1,A3,A5
132143_forcadinho-np3_frame1991.jpg,0.44211036,0.00727882,0.31342047,0.12118572,0.116004646,A3.1-A4.1,A5.1,A3,A5
132143_forcadinho-np3_frame2020.jpg,0.56731004,0.0108590685,0.23556937,0.06654302,0.119718485,A3.1-A4.1,A5.1,A3,A5
132143_forcadinho-np3_frame2021.jpg,0.5902119,0.011590102,0.22209868,0.062375154,0.113724045,A3.1-A4.1,A5.1,A3,A5
132143_forcadinho-np3_frame2029.jpg,0.4858941,0.00734926,0.2904269,0.07790652,0.13842325,A3.1-A4.1,A5.1,A3,A5
132143_forcadinho-np3_frame2037.jpg,0.4085831,0.005692025,0.3414149,0.101075165,0.14323485,A3.1-A4.1,A5.1,A3,A5
132143_forcadinho-np3_frame2041.jpg,0.38032404,0.0054078144,0.35787848,0.11333254,0.14305717,A3.1-A4.1,A5.1,A3,A5
132143_forcadinho-np3_frame2042.jpg,0.38638705,0.005624343,0.3535841,0.11338196,0.14102247,A3.1-A4.1,A5.1,A3,A5
132143_forcadinho-np3_frame2045.jpg,0.37885776,0.0057596965,0.35590005,0.12058755,0.13889496,A3.1-A4.1,A5.1,A3,A5
132143_forcadinho-np3_frame2055.jpg,0.37271366,0.006817133,0.34975147,0.13118462,0.13953315,A3.1-A4.1,A5.1,A3,A5
132143_forcadinho-np3_frame2057.jpg,0.37096304,0.0069517205,0.3494311,0.1318292,0.14082494,A3.1-A4.1,A5.1,A3,A5
132143_forcadinho-np3_frame2113.jpg,0.8013139,0.15643702,0.010986734,0.0085660955,0.022696193,A3.1-A4.1,A3.7-A4.7,A3,A3
132143_forcadinho-np3_frame2128.jpg,0.71693957,0.27386197,0.0031565188,0.0026008876,0.0034410374,A3.1-A4.1,A3.7-A4.7,A3,A3
132143_forcadinho-np3_frame2206.jpg,0.70561635,0.1788011,0.04722765,0.06632323,0.002031677,A3.1-A4.1,A3.7-A4.7,A3,A3
132143_forcadinho-np3_frame2349.jpg,0.74586856,0.13016632,0.03217303,0.02970863,0.06208348,A3.1-A4.1,A3.7-A4.7,A3,A3
132143_forcadinho-np3_frame255.jpg,0.98778534,0.007758959,0.004313475,0.00010084257,4.1353083e-05,A3.1-A4.1,A3.7-A4.7,A3,A3
132143_forcadinho-np3_frame2576.jpg,0.0040357294,0.012200157,0.003498637,0.97861254,0.0016529551,A5.2,A3.7-A4.7,A5,A3
132143_forcadinho-np3_frame2587.jpg,0.007853681,0.024735754,0.004490822,0.9611637,0.0017560084,A5.2,A3.7-A4.7,A5,A3
132143_forcadinho-np3_frame2605.jpg,0.8261329,0.17229134,0.0010182542,0.000186522,0.00037102765,A3.1-A4.1,A3.7-A4.7,A3,A3
132143_forcadinho-np3_frame2606.jpg,0.86680835,0.13175301,0.0010880571,0.000121545454,0.00022903529,A3.1-A4.1,A3.7-A4.7,A3,A3
132143_forcadinho-np3_frame2608.jpg,0.9046799,0.093162775,0.0018518186,0.00012223051,0.00018330014,A3.1-A4.1,A3.7-A4.7,A3,A3
132143_forcadinho-np3_frame2629.jpg,0.9450432,0.05291915,0.0018158667,9.265557e-05,0.00012907996,A3.1-A4.1,A3.7-A4.7,A3,A3
132143_forcadinho-np3_frame2632.jpg,0.9348051,0.06375775,0.0012251004,8.3662824e-05,0.0001284498,A3.1-A4.1,A3.7-A4.7,A3,A3
132143_forcadinho-np3_frame2636.jpg,0.95526457,0.04286675,0.0016957135,7.285157e-05,0.00010006904,A3.1-A4.1,A3.7-A4.7,A3,A3
132143_forcadinho-np3_frame2640.jpg,0.96225226,0.03311487,0.004410121,0.0001027337,0.00011993491,A3.1-A4.1,A3.7-A4.7,A3,A3
132143_forcadinho-np3_frame2649.jpg,0.88758373,0.013376371,0.098497234,0.00037974858,0.00016298187,A3.1-A4.1,A5.1,A3,A5
132143_forcadinho-np3_frame2657.jpg,0.82549846,0.014014908,0.1596691,0.000601782,0.00021575412,A3.1-A4.1,A5.1,A3,A5
132143_forcadinho-np3_frame2672.jpg,0.92071885,0.03417187,0.04339678,0.0010393582,0.0006729926,A3.1-A4.1,A5.1,A3,A5
132143_forcadinho-np3_frame2687.jpg,0.007911937,0.00020821631,0.9903966,0.001446517,3.6765297e-05,A5.1,A3.1-A4.1,A5,A3
132143_forcadinho-np3_frame2695.jpg,0.0042053475,0.00021685116,0.99249333,0.0030425196,4.188261e-05,A5.1,A3.1-A4.1,A5,A3
132143_forcadinho-np3_frame2716.jpg,0.014938676,0.0001534695,0.98397315,0.0009053747,2.9323091e-05,A5.1,A3.1-A4.1,A5,A3
132143_forcadinho-np3_frame2717.jpg,0.017310541,0.00021116689,0.98091286,0.0015235353,4.182083e-05,A5.1,A3.1-A4.1,A5,A3
132143_forcadinho-np3_frame2720.jpg,0.042991377,0.001160569,0.94705456,0.008598595,0.00019482526,A5.1,A3.1-A4.1,A5,A3
132143_forcadinho-np3_frame2726.jpg,0.045140527,0.00083528855,0.9514062,0.002519933,9.809949e-05,A5.1,A3.1-A4.1,A5,A3
132143_forcadinho-np3_frame2727.jpg,0.04305918,0.0009921169,0.9523397,0.0034940557,0.00011497655,A5.1,A3.1-A4.1,A5,A3
132143_forcadinho-np3_frame2735.jpg,0.038270727,0.0011257286,0.95165884,0.008750278,0.00019449156,A5.1,A3.1-A4.1,A5,A3
132143_forcadinho-np3_frame2737.jpg,0.08471293,0.0019028845,0.90474886,0.008383777,0.00025159607,A5.1,A3.1-A4.1,A5,A3
132143_forcadinho-np3_frame2759.jpg,0.07848553,0.0012905576,0.9192504,0.00090894423,6.4463784e-05,A5.1,A3.1-A4.1,A5,A3
132143_forcadinho-np3_frame2762.jpg,0.106983826,0.0011259766,0.8913536,0.00048808684,4.8535683e-05,A5.1,A3.1-A4.1,A5,A3
132143_forcadinho-np3_frame2765.jpg,0.40027303,0.0036588016,0.5953537,0.0006034433,0.00011098375,A5.1,A3.1-A4.1,A5,A3
132143_forcadinho-np3_frame2767.jpg,0.5600208,0.004583627,0.43473274,0.0005541816,0.00010862613,A3.1-A4.1,A5.1,A3,A5
132143_forcadinho-np3_frame2776.jpg,0.7822378,0.003771526,0.21363121,0.00028422312,7.52638e-05,A3.1-A4.1,A5.1,A3,A5
132143_forcadinho-np3_frame2778.jpg,0.79854983,0.003840179,0.19726127,0.0002688326,7.985604e-05,A3.1-A4.1,A5.1,A3,A5
132143_forcadinho-np3_frame2796.jpg,0.9763614,0.0050185374,0.018447129,0.00011685202,5.6057605e-05,A3.1-A4.1,A5.1,A3,A5
132143_forcadinho-np3_frame2802.jpg,0.94558513,0.004262608,0.04977096,0.000285873,9.548426e-05,A3.1-A4.1,A5.1,A3,A5
132143_forcadinho-np3_frame2807.jpg,0.9183124,0.0038388837,0.07716775,0.00055469666,0.00012638397,A3.1-A4.1,A5.1,A3,A5
132143_forcadinho-np3_frame2841.jpg,0.66785574,0.0036548998,0.32773772,0.0006415016,0.00011018348,A3.1-A4.1,A5.1,A3,A5
132143_forcadinho-np3_frame2847.jpg,0.19690189,0.0009594233,0.8012954,0.0007551964,8.80264e-05,A5.1,A3.1-A4.1,A5,A3
132143_forcadinho-np3_frame2894.jpg,0.7458165,0.005106948,0.24820442,0.0007371685,0.0001348377,A3.1-A4.1,A5.1,A3,A5
132143_forcadinho-np3_frame2899.jpg,0.7201458,0.003958204,0.27500802,0.00075413607,0.00013381157,A3.1-A4.1,A5.1,A3,A5
132143_forcadinho-np3_frame2913.jpg,0.61109465,0.3847552,0.0036139078,0.000347291,0.00018897447,A3.1-A4.1,A3.7-A4.7,A3,A3
132143_forcadinho-np3_frame2924.jpg,0.0837398,0.9155639,0.00030544098,0.00027958225,0.000111347465,A3.7-A4.7,A3.1-A4.1,A3,A3
132143_forcadinho-np3_frame2938.jpg,0.06255615,0.93671525,0.00029117946,0.00035438986,8.31345e-05,A3.7-A4.7,A3.1-A4.1,A3,A3
132143_forcadinho-np3_frame2945.jpg,0.06764269,0.931774,0.00022931793,0.0002722244,8.1790866e-05,A3.7-A4.7,A3.1-A4.1,A3,A3
132143_forcadinho-np3_frame2966.jpg,0.120291114,0.87908715,0.00043125908,0.00013347353,5.701952e-05,A3.7-A4.7,A3.1-A4.1,A3,A3
132143_forcadinho-np3_frame297.jpg,0.94792444,0.015367692,0.03587317,0.0007016316,0.00013295838,A3.1-A4.1,A5.1,A3,A5
132143_forcadinho-np3_frame2973.jpg,0.06974596,0.9298982,0.00020919135,0.00010064189,4.5949695e-05,A3.7-A4.7,A3.1-A4.1,A3,A3
132143_forcadinho-np3_frame3002.jpg,0.0396486,0.96000654,0.000163254,0.00011096661,7.068107e-05,A3.7-A4.7,A3.1-A4.1,A3,A3
132143_forcadinho-np3_frame3016.jpg,0.44321007,0.55574083,0.0007614139,0.00014277946,0.00014498616,A3.7-A4.7,A3.1-A4.1,A3,A3
132143_forcadinho-np3_frame3018.jpg,0.77817905,0.22116742,0.00047945575,6.632614e-05,0.00010783636,A3.1-A4.1,A3.7-A4.7,A3,A3
132143_forcadinho-np3_frame307.jpg,0.797343,0.20045096,0.0018305496,0.00022322936,0.0001522543,A3.1-A4.1,A3.7-A4.7,A3,A3
132143_forcadinho-np3_frame308.jpg,0.86651754,0.13098294,0.002195643,0.00017756873,0.00012636137,A3.1-A4.1,A3.7-A4.7,A3,A3
132143_forcadinho-np3_frame3104.jpg,0.1661167,0.8334668,0.00015108376,0.00013139687,0.00013393209,A3.7-A4.7,A3.1-A4.1,A3,A3
132143_forcadinho-np3_frame3112.jpg,0.45307776,0.54645514,0.00022991614,8.842898e-05,0.00014878319,A3.7-A4.7,A3.1-A4.1,A3,A3
132143_forcadinho-np3_frame3137.jpg,0.21029839,0.78942263,0.00014050503,6.413591e-05,7.428354e-05,A3.7-A4.7,A3.1-A4.1,A3,A3
132143_forcadinho-np3_frame3146.jpg,0.059090108,0.94073004,6.2928244e-05,6.2188534e-05,5.473499e-05,A3.7-A4.7,A3.1-A4.1,A3,A3
132143_forcadinho-np3_frame3147.jpg,0.06693122,0.93288463,6.8243215e-05,6.1215665e-05,5.4669865e-05,A3.7-A4.7,A3.1-A4.1,A3,A3
132143_forcadinho-np3_frame3185.jpg,0.5717878,0.42674544,0.0010265476,0.00029232772,0.00014790424,A3.1-A4.1,A3.7-A4.7,A3,A3
132143_forcadinho-np3_frame3217.jpg,0.7543181,0.24292651,0.0021527605,0.00043934557,0.00016329545,A3.1-A4.1,A3.7-A4.7,A3,A3
132143_forcadinho-np3_frame3222.jpg,0.9370023,0.060561806,0.002114202,0.00021547938,0.00010608729,A3.1-A4.1,A3.7-A4.7,A3,A3
132143_forcadinho-np3_frame3224.jpg,0.9460087,0.051508132,0.002150369,0.00022828513,0.00010459663,A3.1-A4.1,A3.7-A4.7,A3,A3
132143_forcadinho-np3_frame3246.jpg,0.95567364,0.041461945,0.002612006,0.00015839783,9.399567e-05,A3.1-A4.1,A3.7-A4.7,A3,A3
132143_forcadinho-np3_frame3255.jpg,0.9865956,0.008683738,0.0045943586,8.194841e-05,4.4323355e-05,A3.1-A4.1,A3.7-A4.7,A3,A3
132143_forcadinho-np3_frame3261.jpg,0.71502113,0.2834149,0.0012136587,0.0001977053,0.00015255963,A3.1-A4.1,A3.7-A4.7,A3,A3
132143_forcadinho-np3_frame3284.jpg,0.97571677,0.021100339,0.0030649675,6.592227e-05,5.1981282e-05,A3.1-A4.1,A3.7-A4.7,A3,A3
132143_forcadinho-np3_frame3300.jpg,0.9733333,0.023300136,0.0032373986,7.361538e-05,5.5485943e-05,A3.1-A4.1,A3.7-A4.7,A3,A3
132143_forcadinho-np3_frame3304.jpg,0.96156067,0.035369035,0.0029053786,9.24133e-05,7.24738e-05,A3.1-A4.1,A3.7-A4.7,A3,A3
132143_forcadinho-np3_frame3314.jpg,0.95231754,0.042787928,0.0045968373,0.00018649861,0.00011113372,A3.1-A4.1,A3.7-A4.7,A3,A3
132143_forcadinho-np3_frame3338.jpg,0.009562524,7.2909745e-05,0.9902014,0.00015528096,7.921689e-06,A5.1,A3.1-A4.1,A5,A3
132143_forcadinho-np3_frame3352.jpg,0.0009959412,6.1347073e-06,0.99895585,4.044314e-05,1.5916492e-06,A5.1,A3.1-A4.1,A5,A3
132143_forcadinho-np3_frame3353.jpg,0.0008257325,5.940977e-06,0.9991184,4.823221e-05,1.7254096e-06,A5.1,A3.1-A4.1,A5,A3
132143_forcadinho-np3_frame337.jpg,0.94260526,0.05268773,0.0042073797,0.00035343616,0.00014634216,A3.1-A4.1,A3.7-A4.7,A3,A3
132143_forcadinho-np3_frame3372.jpg,0.0069276,3.739445e-05,0.9928498,0.0001762659,8.988861e-06,A5.1,A3.1-A4.1,A5,A3
132143_forcadinho-np3_frame3376.jpg,0.008484146,4.3601187e-05,0.9912608,0.00020009355,1.1312646e-05,A5.1,A3.1-A4.1,A5,A3
132143_forcadinho-np3_frame338.jpg,0.9518856,0.043604776,0.00406815,0.00031235418,0.0001291612,A3.1-A4.1,A3.7-A4.7,A3,A3
132143_forcadinho-np3_frame3380.jpg,0.0058781807,3.0256491e-05,0.99387723,0.00020521386,9.065803e-06,A5.1,A3.1-A4.1,A5,A3
132143_forcadinho-np3_frame3383.jpg,0.012658588,8.444407e-05,0.9865992,0.0006325661,2.5277233e-05,A5.1,A3.1-A4.1,A5,A3
132143_forcadinho-np3_frame3396.jpg,0.011198252,9.962064e-05,0.98765975,0.0010124587,2.9961704e-05,A5.1,A3.1-A4.1,A5,A3
132143_forcadinho-np3_frame3450.jpg,0.009167307,2.2596392e-05,0.99076676,4.000555e-05,3.2518594e-06,A5.1,A3.1-A4.1,A5,A3
132143_forcadinho-np3_frame3460.jpg,0.015445031,8.977855e-05,0.9843119,0.00014155718,1.19096785e-05,A5.1,A3.1-A4.1,A5,A3
132143_forcadinho-np3_frame3469.jpg,0.03354146,0.0002069275,0.9659987,0.00023162186,2.128836e-05,A5.1,A3.1-A4.1,A5,A3
132143_forcadinho-np3_frame3473.jpg,0.019001342,0.00031632377,0.980247,0.00040832657,2.701096e-05,A5.1,A3.1-A4.1,A5,A3
132143_forcadinho-np3_frame3477.jpg,0.022456955,0.0006341194,0.97625697,0.00061676325,3.515513e-05,A5.1,A3.1-A4.1,A5,A3
132143_forcadinho-np3_frame3479.jpg,0.10661272,0.0026842,0.889857,0.00075962703,8.64165e-05,A5.1,A3.1-A4.1,A5,A3
132143_forcadinho-np3_frame3486.jpg,0.056981742,0.0015621062,0.9408164,0.0005767526,6.292629e-05,A5.1,A3.1-A4.1,A5,A3
132143_forcadinho-np3_frame3488.jpg,0.062365334,0.0018805533,0.9350973,0.0005924656,6.43509e-05,A5.1,A3.1-A4.1,A5,A3
132143_forcadinho-np3_frame3499.jpg,0.063776925,0.0019197236,0.9332558,0.000985666,6.1908264e-05,A5.1,A3.1-A4.1,A5,A3
132143_forcadinho-np3_frame3500.jpg,0.04052878,0.0010818538,0.95746213,0.0008805731,4.6728877e-05,A5.1,A3.1-A4.1,A5,A3
132143_forcadinho-np3_frame3502.jpg,0.08283161,0.0015665134,0.9147493,0.000791094,6.141148e-05,A5.1,A3.1-A4.1,A5,A3
132143_forcadinho-np3_frame3508.jpg,0.015287167,0.00033697713,0.98370886,0.00064425863,2.270517e-05,A5.1,A3.1-A4.1,A5,A3
132143_forcadinho-np3_frame3517.jpg,0.035608247,0.00077866955,0.96286976,0.0007096073,3.379365e-05,A5.1,A3.1-A4.1,A5,A3
132143_forcadinho-np3_frame3521.jpg,0.026328484,0.00031020335,0.97296166,0.0003796822,1.99735e-05,A5.1,A3.1-A4.1,A5,A3
132143_forcadinho-np3_frame3522.jpg,0.025169905,0.00022456626,0.97424567,0.00034201666,1.7751097e-05,A5.1,A3.1-A4.1,A5,A3
132143_forcadinho-np3_frame3525.jpg,0.058074377,0.0005122258,0.940765,0.0006114972,3.677924e-05,A5.1,A3.1-A4.1,A5,A3
132143_forcadinho-np3_frame3527.jpg,0.08048216,0.00059191324,0.9182831,0.00060032867,4.250276e-05,A5.1,A3.1-A4.1,A5,A3
132143_forcadinho-np3_frame3528.jpg,0.073969655,0.0004930998,0.9249825,0.0005166853,3.809099e-05,A5.1,A3.1-A4.1,A5,A3
132143_forcadinho-np3_frame3529.jpg,0.072789066,0.00093109044,0.92557937,0.00065429567,4.6210935e-05,A5.1,A3.1-A4.1,A5,A3
132143_forcadinho-np3_frame3546.jpg,0.67715186,0.0047549484,0.31672493,0.0012116841,0.0001564982,A3.1-A4.1,A5.1,A3,A5
132143_forcadinho-np3_frame3567.jpg,0.014377248,0.00037745273,0.983946,0.0012660861,3.314779e-05,A5.1,A3.1-A4.1,A5,A3
132143_forcadinho-np3_frame3577.jpg,0.005842074,0.00014201025,0.9934244,0.00057486736,1.6675189e-05,A5.1,A3.1-A4.1,A5,A3
132143_forcadinho-np3_frame3597.jpg,0.02978502,0.00021966998,0.96968025,0.0002964028,1.8568422e-05,A5.1,A3.1-A4.1,A5,A3
132143_forcadinho-np3_frame3598.jpg,0.031745855,0.00022340896,0.96771854,0.0002926493,1.9519042e-05,A5.1,A3.1-A4.1,A5,A3
132143_forcadinho-np3_frame3611.jpg,0.05018828,0.0003713177,0.948624,0.00077403674,4.2271775e-05,A5.1,A3.1-A4.1,A5,A3
132143_forcadinho-np3_frame3613.jpg,0.031531125,0.00024746722,0.9674631,0.0007246788,3.3747925e-05,A5.1,A3.1-A4.1,A5,A3
132143_forcadinho-np3_frame3637.jpg,0.036182173,0.000278034,0.9631581,0.0003544369,2.7358943e-05,A5.1,A3.1-A4.1,A5,A3
132143_forcadinho-np3_frame3640.jpg,0.05451811,0.00048019824,0.9444228,0.00053082884,4.8060985e-05,A5.1,A3.1-A4.1,A5,A3
132143_forcadinho-np3_frame3657.jpg,0.021605313,0.00034717855,0.97727966,0.00073294993,3.4973484e-05,A5.1,A3.1-A4.1,A5,A3
132143_forcadinho-np3_frame3671.jpg,0.1824523,0.00074081356,0.8160165,0.0007268367,6.352125e-05,A5.1,A3.1-A4.1,A5,A3
132143_forcadinho-np3_frame3679.jpg,0.3112924,0.0017209463,0.68550724,0.0013545945,0.00012485828,A5.1,A3.1-A4.1,A5,A3
132143_forcadinho-np3_frame3695.jpg,0.9827304,0.008448421,0.008680707,8.892701e-05,5.1539355e-05,A3.1-A4.1,A5.1,A3,A5
132143_forcadinho-np3_frame3726.jpg,0.93702066,0.01947135,0.043188233,0.0002363595,8.339774e-05,A3.1-A4.1,A5.1,A3,A5
132143_forcadinho-np3_frame3727.jpg,0.9341049,0.0125572095,0.053053353,0.00021075044,7.378026e-05,A3.1-A4.1,A5.1,A3,A5
132143_forcadinho-np3_frame3737.jpg,0.96102065,0.022580722,0.016130544,0.00018014979,8.783584e-05,A3.1-A4.1,A3.7-A4.7,A3,A3
132143_forcadinho-np3_frame3759.jpg,0.9813526,0.013136426,0.005358046,9.725388e-05,5.5663375e-05,A3.1-A4.1,A3.7-A4.7,A3,A3
132143_forcadinho-np3_frame3802.jpg,0.93375134,0.06283694,0.0032093215,0.00011768944,8.465703e-05,A3.1-A4.1,A3.7-A4.7,A3,A3
132143_forcadinho-np3_frame3818.jpg,0.9336236,0.061917786,0.004193608,0.00016755756,9.748394e-05,A3.1-A4.1,A3.7-A4.7,A3,A3
132143_forcadinho-np3_frame3819.jpg,0.82926077,0.16648278,0.0038559074,0.0002700834,0.00013041176,A3.1-A4.1,A3.7-A4.7,A3,A3
132143_forcadinho-np3_frame3823.jpg,0.57334936,0.42384684,0.0022946193,0.0003609834,0.00014815097,A3.1-A4.1,A3.7-A4.7,A3,A3
132143_forcadinho-np3_frame3826.jpg,0.68058807,0.31690922,0.002065817,0.00029458813,0.00014227361,A3.1-A4.1,A3.7-A4.7,A3,A3
132143_forcadinho-np3_frame3830.jpg,0.96556336,0.031673614,0.002581677,0.00010681034,7.4474745e-05,A3.1-A4.1,A3.7-A4.7,A3,A3
132143_forcadinho-np3_frame3834.jpg,0.97950166,0.017407982,0.0029030212,0.0001224885,6.479954e-05,A3.1-A4.1,A3.7-A4.7,A3,A3
132143_forcadinho-np3_frame3837.jpg,0.97937953,0.018184328,0.0023042422,7.78854e-05,5.406945e-05,A3.1-A4.1,A3.7-A4.7,A3,A3
132143_forcadinho-np3_frame3844.jpg,0.9764129,0.01883215,0.004558543,0.00013260395,6.3767424e-05,A3.1-A4.1,A3.7-A4.7,A3,A3
132143_forcadinho-np3_frame3848.jpg,0.93829364,0.027553698,0.03255581,0.0013585794,0.00023820481,A3.1-A4.1,A5.1,A3,A5
132143_forcadinho-np3_frame3852.jpg,0.9714698,0.018391462,0.009642342,0.00037490143,0.00012138764,A3.1-A4.1,A3.7-A4.7,A3,A3
132143_forcadinho-np3_frame3853.jpg,0.9625709,0.017129816,0.019529771,0.00061867555,0.00015073986,A3.1-A4.1,A5.1,A3,A5
132143_forcadinho-np3_frame3855.jpg,0.9677996,0.016532239,0.015006163,0.0005196435,0.00014242496,A3.1-A4.1,A3.7-A4.7,A3,A3
132143_forcadinho-np3_frame3859.jpg,0.9707883,0.023027476,0.005700364,0.00036646423,0.000117313015,A3.1-A4.1,A3.7-A4.7,A3,A3
132143_forcadinho-np3_frame3863.jpg,0.97435117,0.01588435,0.009099693,0.0005355179,0.0001292811,A3.1-A4.1,A3.7-A4.7,A3,A3
132143_forcadinho-np3_frame3864.jpg,0.97527415,0.015163579,0.008964033,0.00048057482,0.00011761964,A3.1-A4.1,A3.7-A4.7,A3,A3
132143_forcadinho-np3_frame3872.jpg,0.97721964,0.013196026,0.008929882,0.0005336598,0.00012064012,A3.1-A4.1,A3.7-A4.7,A3,A3
132143_forcadinho-np3_frame3875.jpg,0.9666576,0.011114256,0.021130404,0.0009386323,0.00015909046,A3.1-A4.1,A5.1,A3,A5
132143_forcadinho-np3_frame3877.jpg,0.9344618,0.014778247,0.047079973,0.003382944,0.00029710046,A3.1-A4.1,A5.1,A3,A5
132143_forcadinho-np3_frame3879.jpg,0.68621784,0.027752247,0.25037268,0.03458828,0.0010690078,A3.1-A4.1,A5.1,A3,A5
132143_forcadinho-np3_frame3880.jpg,0.66044164,0.026899856,0.27268764,0.038882736,0.0010881408,A3.1-A4.1,A5.1,A3,A5
132143_forcadinho-np3_frame3881.jpg,0.38558236,0.0267569,0.44626978,0.13959682,0.0017941527,A5.1,A3.1-A4.1,A5,A3
132143_forcadinho-np3_frame3884.jpg,0.94798154,0.012867385,0.037269764,0.001681554,0.00019978518,A3.1-A4.1,A5.1,A3,A5
132143_forcadinho-np3_frame3885.jpg,0.9512677,0.011237431,0.03590745,0.0014122176,0.00017507788,A3.1-A4.1,A5.1,A3,A5
132143_forcadinho-np3_frame3889.jpg,0.5536759,0.43918836,0.0033778097,0.0029038205,0.00085415086,A3.1-A4.1,A3.7-A4.7,A3,A3
132143_forcadinho-np3_frame3893.jpg,0.19689065,0.69379795,0.0058688084,0.097358026,0.006084636,A3.7-A4.7,A3.1-A4.1,A3,A3
132143_forcadinho-np3_frame3897.jpg,0.04688489,0.1415508,0.008546673,0.7985045,0.0045132497,A5.2,A3.7-A4.7,A5,A3
132143_forcadinho-np3_frame3903.jpg,0.002896378,0.005743509,0.005439977,0.9844305,0.001489512,A5.2,A3.7-A4.7,A5,A3
132143_forcadinho-np3_frame3906.jpg,0.0031533623,0.007018945,0.004922465,0.9832934,0.0016118942,A5.2,A3.7-A4.7,A5,A3
132143_forcadinho-np3_frame3907.jpg,0.002709468,0.006317863,0.0040160697,0.98532593,0.0016305258,A5.2,A3.7-A4.7,A5,A3
132143_forcadinho-np3_frame3908.jpg,0.0033989,0.008128192,0.0038367063,0.982908,0.0017281323,A5.2,A3.7-A4.7,A5,A3
132143_forcadinho-np3_frame3916.jpg,0.0037489529,0.0074254894,0.004478957,0.9828414,0.0015052047,A5.2,A3.7-A4.7,A5,A3
132143_forcadinho-np3_frame3923.jpg,0.0016046889,0.003978482,0.0031534634,0.9898868,0.0013765102,A5.2,A3.7-A4.7,A5,A3
132143_forcadinho-np3_frame3935.jpg,0.012295408,0.049787574,0.0052456055,0.92959523,0.0030761012,A5.2,A3.7-A4.7,A5,A3
132143_forcadinho-np3_frame3938.jpg,0.011147151,0.042885467,0.004710438,0.93855,0.0027068802,A5.2,A3.7-A4.7,A5,A3
132143_forcadinho-np3_frame3940.jpg,0.014929808,0.061416045,0.005379923,0.9151689,0.00310544,A5.2,A3.7-A4.7,A5,A3
132143_forcadinho-np3_frame3946.jpg,0.8908485,0.0046030213,0.10422652,0.00022903077,9.288241e-05,A3.1-A4.1,A5.1,A3,A5
132143_forcadinho-np3_frame3948.jpg,0.876922,0.00603689,0.1166489,0.00028349258,0.00010873172,A3.1-A4.1,A5.1,A3,A5
132143_forcadinho-np3_frame3962.jpg,0.9468248,0.0063710096,0.046516094,0.00019874584,8.9362904e-05,A3.1-A4.1,A5.1,A3,A5
132143_forcadinho-np3_frame3964.jpg,0.9590192,0.0072830864,0.033432066,0.00017409353,9.1536334e-05,A3.1-A4.1,A5.1,A3,A5
132143_forcadinho-np3_frame3967.jpg,0.9390993,0.0067855413,0.05374983,0.0002530442,0.00011216705,A3.1-A4.1,A5.1,A3,A5
132143_forcadinho-np3_frame3975.jpg,0.9465595,0.0062187007,0.04695215,0.00018901916,8.067648e-05,A3.1-A4.1,A5.1,A3,A5
132143_forcadinho-np3_frame3976.jpg,0.8776255,0.004879221,0.117140405,0.0002674666,8.7409884e-05,A3.1-A4.1,A5.1,A3,A5
132143_forcadinho-np3_frame3985.jpg,0.89845407,0.0032507498,0.09805682,0.00017239254,6.595534e-05,A3.1-A4.1,A5.1,A3,A5
132143_forcadinho-np3_frame3990.jpg,0.95064914,0.0020131327,0.04723289,7.31269e-05,3.1722455e-05,A3.1-A4.1,A5.1,A3,A5
132143_forcadinho-np3_frame3996.jpg,0.9428853,0.0016593656,0.055333514,8.8111046e-05,3.37041e-05,A3.1-A4.1,A5.1,A3,A5
132143_forcadinho-np3_frame4055.jpg,0.85502917,0.14257242,0.0019938643,0.00023932522,0.00016521812,A3.1-A4.1,A3.7-A4.7,A3,A3
132143_forcadinho-np3_frame4079.jpg,0.48215848,0.51674783,0.00069199316,0.00026547347,0.00013619775,A3.7-A4.7,A3.1-A4.1,A3,A3
132143_forcadinho-np3_frame4089.jpg,0.44203487,0.55490184,0.0014719295,0.0012851965,0.00030611773,A3.7-A4.7,A3.1-A4.1,A3,A3
132143_forcadinho-np3_frame4091.jpg,0.47446942,0.52099687,0.001968288,0.0021715895,0.0003938292,A3.7-A4.7,A3.1-A4.1,A3,A3
132143_forcadinho-np3_frame4092.jpg,0.5356732,0.4614589,0.0013910467,0.001160322,0.00031658338,A3.1-A4.1,A3.7-A4.7,A3,A3
132143_forcadinho-np3_frame4093.jpg,0.66286296,0.33256418,0.0024859232,0.0017328921,0.00035406652,A3.1-A4.1,A3.7-A4.7,A3,A3
132143_forcadinho-np3_frame4096.jpg,0.5658371,0.42674458,0.0029173582,0.0039541894,0.0005467767,A3.1-A4.1,A3.7-A4.7,A3,A3
132143_forcadinho-np3_frame4098.jpg,0.6038751,0.39386052,0.0012973186,0.00073919055,0.00022783248,A3.1-A4.1,A3.7-A4.7,A3,A3
132143_forcadinho-np3_frame4135.jpg,0.9268403,0.07062318,0.0023224067,0.00012226943,9.191811e-05,A3.1-A4.1,A3.7-A4.7,A3,A3
132143_forcadinho-np3_frame4161.jpg,0.88576454,0.1118517,0.0020733443,0.00018909683,0.00012141189,A3.1-A4.1,A3.7-A4.7,A3,A3
132143_forcadinho-np3_frame4163.jpg,0.85906506,0.13945991,0.0012685355,0.00011455505,9.1841066e-05,A3.1-A4.1,A3.7-A4.7,A3,A3
132143_forcadinho-np3_frame4171.jpg,0.921823,0.076302886,0.0017144246,9.384761e-05,6.5800974e-05,A3.1-A4.1,A3.7-A4.7,A3,A3
132143_forcadinho-np3_frame4187.jpg,0.8629442,0.13579501,0.0010804634,0.000101016914,7.926224e-05,A3.1-A4.1,A3.7-A4.7,A3,A3
132143_forcadinho-np3_frame4221.jpg,0.11772034,0.8816994,0.00023466328,0.0002394941,0.000106175285,A3.7-A4.7,A3.1-A4.1,A3,A3
132143_forcadinho-np3_frame4229.jpg,0.098702885,0.89867556,0.000487182,0.0018131754,0.00032128172,A3.7-A4.7,A3.1-A4.1,A3,A3
132143_forcadinho-np3_frame423.jpg,0.659085,0.3298572,0.0030463964,0.0028424093,0.0051689753,A3.1-A4.1,A3.7-A4.7,A3,A3
132143_forcadinho-np3_frame4230.jpg,0.101721354,0.8957182,0.00046183818,0.0017618211,0.00033679162,A3.7-A4.7,A3.1-A4.1,A3,A3
132143_forcadinho-np3_frame4234.jpg,0.06382508,0.93528116,0.00021124052,0.0005479097,0.00013459561,A3.7-A4.7,A3.1-A4.1,A3,A3
132143_forcadinho-np3_frame4250.jpg,0.6986201,0.29897696,0.0018849182,0.00034585153,0.00017215537,A3.1-A4.1,A3.7-A4.7,A3,A3
132143_forcadinho-np3_frame4268.jpg,0.35470495,0.64405483,0.0007694661,0.00033440045,0.00013636447,A3.7-A4.7,A3.1-A4.1,A3,A3
132143_forcadinho-np3_frame427.jpg,0.783909,0.21031618,0.0021266432,0.0010489235,0.0025991825,A3.1-A4.1,A3.7-A4.7,A3,A3
132143_forcadinho-np3_frame4287.jpg,0.8542771,0.06591952,0.026488116,0.010230175,0.043085117,A3.1-A4.1,A3.7-A4.7,A3,A3
132143_forcadinho-np3_frame4296.jpg,0.36556846,0.008307454,0.3411954,0.13808055,0.14684807,A3.1-A4.1,A5.1,A3,A5
132143_forcadinho-np3_frame4300.jpg,0.3360946,0.0063670864,0.3628234,0.1258113,0.16890366,A5.1,A3.1-A4.1,A5,A3
132143_forcadinho-np3_frame431.jpg,0.8586941,0.111704044,0.009876021,0.0049095317,0.014816322,A3.1-A4.1,A3.7-A4.7,A3,A3
132143_forcadinho-np3_frame4347.jpg,0.62666583,0.015541295,0.18605326,0.050419558,0.12132005,A3.1-A4.1,A5.1,A3,A5
132143_forcadinho-np3_frame526.jpg,0.7427593,0.08221581,0.045421716,0.02874165,0.10086151,A3.1-A4.1,A5.4,A3,A5
132143_forcadinho-np3_frame584.jpg,0.5993667,0.01983076,0.18714204,0.05866681,0.13499372,A3.1-A4.1,A5.1,A3,A5
132143_forcadinho-np3_frame605.jpg,0.773363,0.053120404,0.061149117,0.02389584,0.08847167,A3.1-A4.1,A5.4,A3,A5
132143_forcadinho-np3_frame621.jpg,0.46739557,0.040754292,0.11964922,0.07303775,0.29916322,A3.1-A4.1,A5.4,A3,A5
132143_forcadinho-np3_frame66.jpg,0.7924328,0.17260134,0.031209221,0.0032916607,0.00046499027,A3.1-A4.1,A3.7-A4.7,A3,A3
132143_forcadinho-np3_frame7.jpg,0.9573687,0.03809742,0.004341573,0.00011763544,7.4711905e-05,A3.1-A4.1,A3.7-A4.7,A3,A3
132143_forcadinho-np3_frame726.jpg,0.40456927,0.01992214,0.24346514,0.10657716,0.22546628,A3.1-A4.1,A5.1,A3,A5
132143_forcadinho-np3_frame738.jpg,0.71622235,0.12911652,0.036095504,0.031647727,0.086917914,A3.1-A4.1,A3.7-A4.7,A3,A3
132143_forcadinho-np3_frame740.jpg,0.6728322,0.13731353,0.039385278,0.040755544,0.10971348,A3.1-A4.1,A3.7-A4.7,A3,A3
132143_forcadinho-np3_frame754.jpg,0.17568177,0.0955705,0.047518555,0.39836994,0.2828593,A5.2,A5.4,A5,A5
132143_forcadinho-np3_frame77.jpg,0.9691157,0.024452262,0.0060951617,0.00024962673,8.736746e-05,A3.1-A4.1,A3.7-A4.7,A3,A3
132143_forcadinho-np3_frame774.jpg,0.35775968,0.6413141,0.0005626128,0.00020707832,0.00015647797,A3.7-A4.7,A3.1-A4.1,A3,A3
132143_forcadinho-np3_frame780.jpg,0.77928805,0.21848223,0.0016928252,0.00023921762,0.00029772846,A3.1-A4.1,A3.7-A4.7,A3,A3
132143_forcadinho-np3_frame783.jpg,0.36832294,0.6300735,0.0005580797,0.000425501,0.000620059,A3.7-A4.7,A3.1-A4.1,A3,A3
132143_forcadinho-np3_frame784.jpg,0.363705,0.63481253,0.00048774914,0.00038871882,0.0006060436,A3.7-A4.7,A3.1-A4.1,A3,A3
132143_forcadinho-np3_frame8.jpg,0.9485488,0.048242174,0.0030253376,0.00011071841,7.2928815e-05,A3.1-A4.1,A3.7-A4.7,A3,A3
132143_forcadinho-np3_frame808.jpg,0.2804773,0.71807694,0.0004872563,0.00045406993,0.0005044851,A3.7-A4.7,A3.1-A4.1,A3,A3
132143_forcadinho-np3_frame813.jpg,0.39502606,0.6038739,0.0004897594,0.00024767657,0.00036262782,A3.7-A4.7,A3.1-A4.1,A3,A3
132143_forcadinho-np3_frame814.jpg,0.3804207,0.6183689,0.0005649059,0.00028031168,0.0003651288,A3.7-A4.7,A3.1-A4.1,A3,A3
132143_forcadinho-np3_frame82.jpg,0.9128401,0.08475935,0.002043423,0.00023253987,0.00012463272,A3.1-A4.1,A3.7-A4.7,A3,A3
132143_forcadinho-np3_frame825.jpg,0.18935615,0.80993074,0.00033765216,0.00022615118,0.00014933715,A3.7-A4.7,A3.1-A4.1,A3,A3
132143_forcadinho-np3_frame83.jpg,0.93279326,0.064495265,0.002371915,0.00022683838,0.00011261144,A3.1-A4.1,A3.7-A4.7,A3,A3
132143_forcadinho-np3_frame852.jpg,0.87172854,0.039265323,0.040616456,0.011950889,0.036438752,A3.1-A4.1,A5.1,A3,A5
132143_forcadinho-np3_frame875.jpg,0.4385521,0.0056724693,0.3281383,0.11343742,0.114199765,A3.1-A4.1,A5.1,A3,A5
132143_forcadinho-np3_frame877.jpg,0.42636916,0.0054045445,0.33691666,0.11473225,0.11657733,A3.1-A4.1,A5.1,A3,A5
132143_forcadinho-np3_frame878.jpg,0.4156576,0.0051771738,0.34424436,0.11782558,0.11709526,A3.1-A4.1,A5.1,A3,A5
132143_forcadinho-np3_frame880.jpg,0.41670796,0.005463788,0.34067684,0.120461926,0.11668944,A3.1-A4.1,A5.1,A3,A5
132143_forcadinho-np3_frame881.jpg,0.4317275,0.0060167136,0.32821855,0.1180689,0.11596826,A3.1-A4.1,A5.1,A3,A5
132143_forcadinho-np3_frame896.jpg,0.41803053,0.0073178946,0.3238022,0.13216147,0.11868782,A3.1-A4.1,A5.1,A3,A5
132143_forcadinho-np3_frame899.jpg,0.41767827,0.0077461377,0.32157627,0.13219345,0.12080581,A3.1-A4.1,A5.1,A3,A5
132143_forcadinho-np3_frame902.jpg,0.4176839,0.00749707,0.32366958,0.13013309,0.12101638,A3.1-A4.1,A5.1,A3,A5
132143_forcadinho-np3_frame903.jpg,0.41395313,0.0074762753,0.32573873,0.13077822,0.122053646,A3.1-A4.1,A5.1,A3,A5
132143_forcadinho-np3_frame904.jpg,0.41342345,0.0073180306,0.3271476,0.13031799,0.12179301,A3.1-A4.1,A5.1,A3,A5
132143_forcadinho-np3_frame906.jpg,0.41475505,0.007442118,0.32590902,0.12962341,0.12227046,A3.1-A4.1,A5.1,A3,A5
132143_forcadinho-np3_frame909.jpg,0.40646783,0.0076724393,0.32835498,0.13239731,0.12510738,A3.1-A4.1,A5.1,A3,A5
132143_forcadinho-np3_frame910.jpg,0.40749598,0.007677723,0.32778248,0.13229837,0.12474544,A3.1-A4.1,A5.1,A3,A5
132143_forcadinho-np3_frame969.jpg,0.32857713,0.021249684,0.17696749,0.088359065,0.38484666,A5.4,A3.1-A4.1,A5,A3
132143_forcadinho-np3_frame972.jpg,0.4406376,0.04330915,0.09087071,0.064204544,0.36097804,A3.1-A4.1,A5.4,A3,A5
132143_forcadinho-np3_frame973.jpg,0.63923997,0.07942411,0.051611338,0.0399302,0.18979432,A3.1-A4.1,A5.4,A3,A5
132143_forcadinho-np3_frame974.jpg,0.777935,0.14327651,0.01598714,0.0130285,0.049772706,A3.1-A4.1,A3.7-A4.7,A3,A3
132143_forcadinho-np3_frame978.jpg,0.80706984,0.18728714,0.002530352,0.0011188812,0.001993777,A3.1-A4.1,A3.7-A4.7,A3,A3
132143_forcadinho-np3_frame979.jpg,0.7721767,0.22050847,0.0028473486,0.0016274826,0.0028399532,A3.1-A4.1,A3.7-A4.7,A3,A3
132143_forcadinho-np3_frame981.jpg,0.7534074,0.2329886,0.004693938,0.0033008093,0.005609184,A3.1-A4.1,A3.7-A4.7,A3,A3
132143_forcadinho-np3_frame995.jpg,0.16374515,0.7987128,0.0024578925,0.031848166,0.003235967,A3.7-A4.7,A3.1-A4.1,A3,A3
